time,run_cnt,dps_x,dps_y,dps_z,cal_adjust_x,cal_adjust_y,cal_adjust_z,deg_x,deg_y,deg_z,cal_x,cal_y,cal_z,notes
2055,0,268,-815,111,,,,,,,,,,Calibrating Gyro
2104,0,431,-954,-200,,,,,,,,,,Calibrating Gyro
2156,0,538,-1001,-126,,,,,,,,,,Calibrating Gyro
2209,0,483,-805,-2,,,,,,,,,,Calibrating Gyro
2259,0,316,-829,100,,,,,,,,,,Calibrating Gyro
2311,0,358,-999,-333,,,,,,,,,,Calibrating Gyro
2363,0,623,-1281,-189,,,,,,,,,,Calibrating Gyro
2416,0,421,-1120,-243,,,,,,,,,,Calibrating Gyro
2469,0,376,-1194,-255,,,,,,,,,,Calibrating Gyro
2522,0,370,-913,-536,,,,,,,,,,Calibrating Gyro
2574,0,467,-1107,-350,,,,,,,,,,Calibrating Gyro
2627,0,439,-1008,-355,,,,,,,,,,Calibrating Gyro
2680,0,625,-1065,-222,,,,,,,,,,Calibrating Gyro
2734,0,491,-1025,-352,,,,,,,,,,Calibrating Gyro
2787,0,382,-1076,48,,,,,,,,,,Calibrating Gyro
2838,0,421,-826,-146,,,,,,,,,,Calibrating Gyro
2890,0,206,-767,14,,,,,,,,,,Calibrating Gyro
2939,0,366,-1042,-182,,,,,,,,,,Calibrating Gyro
2993,0,378,-757,-350,,,,,,,,,,Calibrating Gyro
3045,0,202,-766,-201,,,,,,,,,,Calibrating Gyro
3097,0,547,-1157,-406,,,,,,,,,,Calibrating Gyro
3150,0,593,-1030,-69,,,,,,,,,,Calibrating Gyro
3203,0,373,-1121,-141,,,,,,,,,,Calibrating Gyro
3256,0,530,-1059,-71,,,,,,,,,,Calibrating Gyro
3308,0,383,-1009,-234,,,,,,,,,,Calibrating Gyro
3360,0,439,-986,-103,,,,,,,,,,Calibrating Gyro
3412,0,491,-1258,10,,,,,,,,,,Calibrating Gyro
3464,0,210,-746,43,,,,,,,,,,Calibrating Gyro
3514,0,414,-981,-84,,,,,,,,,,Calibrating Gyro
3565,0,414,-956,-142,,,,,,,,,,Calibrating Gyro
3617,0,402,-857,-48,,,,,,,,,,Calibrating Gyro
3667,0,307,-850,-231,,,,,,,,,,Calibrating Gyro
3720,0,277,-646,110,,,,,,,,,,Calibrating Gyro
3771,0,565,-1099,-456,,,,,,,,,,Calibrating Gyro
3824,0,309,-991,-171,,,,,,,,,,Calibrating Gyro
3876,0,416,-1079,-273,,,,,,,,,,Calibrating Gyro
3930,0,464,-1015,-216,,,,,,,,,,Calibrating Gyro
3983,0,345,-1186,59,,,,,,,,,,Calibrating Gyro
4033,0,328,-937,-356,,,,,,,,,,Calibrating Gyro
4085,0,360,-959,118,,,,,,,,,,Calibrating Gyro
4136,0,155,-562,220,,,,,,,,,,Calibrating Gyro
4188,0,304,-975,4,,,,,,,,,,Calibrating Gyro
4237,0,324,-728,-88,,,,,,,,,,Calibrating Gyro
4287,0,164,-646,192,,,,,,,,,,Calibrating Gyro
4338,0,345,-772,172,,,,,,,,,,Calibrating Gyro
4389,0,479,-1069,-195,,,,,,,,,,Calibrating Gyro
4443,0,384,-977,-89,,,,,,,,,,Calibrating Gyro
4494,0,544,-950,-340,,,,,,,,,,Calibrating Gyro
4546,0,424,-1054,-141,,,,,,,,,,Calibrating Gyro
4598,0,298,-821,-458,,,,,,,,,,Calibrating Gyro
FINAL CALIBRATION VALUES: 394.98,-956.52,-143.06,,,,,,,,,,,,
5707,1,201,-658,8,-193.98,298.52,151.06,0,0,0,394.98,-956.52,-143.06,
5727,1,514,-952,-40,119.02,4.52,103.06,0,0,0,394.98,-956.52,-143.06,
5813,1,342,-862,-267,-52.98,94.52,-123.94,0,0,0,394.98,-956.52,-143.06,
5901,1,288,-823,168,-106.98,133.52,311.06,0,0,0,394.98,-956.52,-143.06,
5990,1,237,-707,-303,-157.98,249.52,-159.94,0,0,0,394.98,-956.52,-143.06,
6081,1,474,-1031,-274,79.02,-74.48,-130.94,0,0,0,394.98,-956.52,-143.06,
6171,1,460,-1059,-226,65.02,-102.48,-82.94,0,0,0,394.98,-956.52,-143.06,
6261,1,213,-984,63,-181.98,-27.48,206.06,0,0,0,394.98,-956.52,-143.06,
6349,1,465,-1101,-299,70.02,-144.48,-155.94,0,0,0,394.98,-956.52,-143.06,
6440,1,272,-855,-73,-122.98,101.52,70.06,0,0,0,394.98,-956.52,-143.06,
6529,2,460,-1025,-28,65.02,-68.48,115.06,-48.38,53.32,18.76,394.98,-956.52,-143.06,
6621,2,209,-547,49,-185.98,409.52,192.06,-48.38,53.32,18.76,394.98,-956.52,-143.06,
6713,2,355,-1145,-152,-39.98,-188.48,-8.94,-48.38,53.32,18.76,394.98,-956.52,-143.06,
6807,2,319,-915,-74,-75.98,41.52,69.06,-48.38,53.32,18.76,394.98,-956.52,-143.06,
6897,2,411,-1247,-167,16.02,-290.48,-23.94,-48.38,53.32,18.76,394.98,-956.52,-143.06,
6991,2,437,-913,-68,42.02,43.52,75.06,-48.38,53.32,18.76,394.98,-956.52,-143.06,
7080,2,337,-1038,-15,-57.98,-81.48,128.06,-48.38,53.32,18.76,394.98,-956.52,-143.06,
7174,2,268,-891,72,-126.98,65.52,215.06,-48.38,53.32,18.76,394.98,-956.52,-143.06,
7265,2,154,-767,148,-240.98,189.52,291.06,-48.38,53.32,18.76,394.98,-956.52,-143.06,
7358,2,411,-1132,-246,16.02,-175.48,-102.94,-48.38,53.32,18.76,394.98,-956.52,-143.06,
7454,3,236,-996,-288,-158.98,-39.48,-144.94,-107.26,47.84,113.72,394.98,-956.52,-143.06,
7552,3,268,-905,-22,-126.98,51.52,121.06,-107.26,47.84,113.72,394.98,-956.52,-143.06,
7646,3,101,-598,62,-293.98,358.52,205.06,-107.26,47.84,113.72,394.98,-956.52,-143.06,
7740,3,377,-986,-206,-17.98,-29.48,-62.94,-107.26,47.84,113.72,394.98,-956.52,-143.06,
7836,3,689,-1208,-312,294.02,-251.48,-168.94,-107.26,47.84,113.72,394.98,-956.52,-143.06,
7934,3,375,-1039,-215,-19.98,-82.48,-71.94,-107.26,47.84,113.72,394.98,-956.52,-143.06,
8031,3,653,-1250,-619,258.02,-293.48,-475.94,-107.26,47.84,113.72,394.98,-956.52,-143.06,
8130,3,347,-969,-66,-47.98,-12.48,77.06,-107.26,47.84,113.72,394.98,-956.52,-143.06,
8223,3,468,-1178,-361,73.02,-221.48,-217.94,-107.26,47.84,113.72,394.98,-956.52,-143.06,
8321,3,475,-971,-444,80.02,-14.48,-300.94,-107.26,47.84,113.72,394.98,-956.52,-143.06,
8417,4,304,-1041,-88,-90.98,-84.48,55.06,-103.34,-5.64,9.68,394.98,-956.52,-143.06,
8509,4,524,-1163,-78,129.02,-206.48,65.06,-103.34,-5.64,9.68,394.98,-956.52,-143.06,
8602,4,390,-957,64,-4.98,-0.48,207.06,-103.34,-5.64,9.68,394.98,-956.52,-143.06,
8691,4,432,-941,-137,37.02,15.52,6.06,-103.34,-5.64,9.68,394.98,-956.52,-143.06,
8780,4,219,-786,-4,-175.98,170.52,139.06,-103.34,-5.64,9.68,394.98,-956.52,-143.06,
8872,4,384,-996,-337,-10.98,-39.48,-193.94,-103.34,-5.64,9.68,394.98,-956.52,-143.06,
8967,4,415,-1231,-242,20.02,-274.48,-98.94,-103.34,-5.64,9.68,394.98,-956.52,-143.06,
9061,4,235,-788,149,-159.98,168.52,292.06,-103.34,-5.64,9.68,394.98,-956.52,-143.06,
9154,4,443,-1066,-206,48.02,-109.48,-62.94,-103.34,-5.64,9.68,394.98,-956.52,-143.06,
9248,4,405,-1007,-122,10.02,-50.48,21.06,-103.34,-5.64,9.68,394.98,-956.52,-143.06,
9341,5,519,-1150,-4,124.02,-193.48,139.06,-123.22,-46.72,52.64,394.98,-956.52,-143.06,
9437,5,296,-893,171,-98.98,63.52,314.06,-123.22,-46.72,52.64,394.98,-956.52,-143.06,
9530,5,201,-776,-7,-193.98,180.52,136.06,-123.22,-46.72,52.64,394.98,-956.52,-143.06,
9624,5,512,-1215,-259,117.02,-258.48,-115.94,-123.22,-46.72,52.64,394.98,-956.52,-143.06,
9722,5,401,-882,144,6.02,74.52,287.06,-123.22,-46.72,52.64,394.98,-956.52,-143.06,
9814,5,346,-851,-164,-48.98,105.52,-20.94,-123.22,-46.72,52.64,394.98,-956.52,-143.06,
9910,5,438,-1071,-53,43.02,-114.48,90.06,-123.22,-46.72,52.64,394.98,-956.52,-143.06,
10004,5,583,-1083,-444,188.02,-126.48,-300.94,-123.22,-46.72,52.64,394.98,-956.52,-143.06,
10103,5,354,-982,-331,-40.98,-25.48,-187.94,-123.22,-46.72,52.64,394.98,-956.52,-143.06,
10202,5,434,-1049,-104,39.02,-92.48,39.06,-123.22,-46.72,52.64,394.98,-956.52,-143.06,
10297,6,266,-831,-172,-128.98,125.52,-28.94,-109.8,-85.4,90.6,394.98,-956.52,-143.06,
10394,6,373,-858,-377,-21.98,98.52,-233.94,-109.8,-85.4,90.6,394.98,-956.52,-143.06,
10490,6,319,-1010,-286,-75.98,-53.48,-142.94,-109.8,-85.4,90.6,394.98,-956.52,-143.06,
10590,6,348,-993,153,-46.98,-36.48,296.06,-109.8,-85.4,90.6,394.98,-956.52,-143.06,
10685,6,391,-1009,-246,-3.98,-52.48,-102.94,-109.8,-85.4,90.6,394.98,-956.52,-143.06,
10782,6,343,-997,-152,-51.98,-40.48,-8.94,-109.8,-85.4,90.6,394.98,-956.52,-143.06,
10878,6,406,-780,117,11.02,176.52,260.06,-109.8,-85.4,90.6,394.98,-956.52,-143.06,
10973,6,406,-1073,-176,11.02,-116.48,-32.94,-109.8,-85.4,90.6,394.98,-956.52,-143.06,
11070,6,442,-643,74,47.02,313.52,217.06,-109.8,-85.4,90.6,394.98,-956.52,-143.06,
11163,6,442,-1094,-502,47.02,-137.48,-358.94,-109.8,-85.4,90.6,394.98,-956.52,-143.06,
11262,7,346,-854,168,-48.98,102.52,311.06,-131.18,-57.68,76.96,394.98,-956.52,-143.06,
11358,7,380,-1015,-373,-14.98,-58.48,-229.94,-131.18,-57.68,76.96,394.98,-956.52,-143.06,
11456,7,475,-991,12,80.02,-34.48,155.06,-131.18,-57.68,76.96,394.98,-956.52,-143.06,
11550,7,245,-923,-128,-149.98,33.52,15.06,-131.18,-57.68,76.96,394.98,-956.52,-143.06,
11645,7,317,-942,-154,-77.98,14.52,-10.94,-131.18,-57.68,76.96,394.98,-956.52,-143.06,
11741,7,462,-1049,72,67.02,-92.48,215.06,-131.18,-57.68,76.96,394.98,-956.52,-143.06,
11835,7,725,-1116,-289,330.02,-159.48,-145.94,-131.18,-57.68,76.96,394.98,-956.52,-143.06,
11935,7,338,-966,-144,-56.98,-9.48,-0.94,-131.18,-57.68,76.96,394.98,-956.52,-143.06,
12029,7,447,-1020,-154,52.02,-63.48,-10.94,-131.18,-57.68,76.96,394.98,-956.52,-143.06,
12126,7,272,-955,-229,-122.98,1.52,-85.94,-131.18,-57.68,76.96,394.98,-956.52,-143.06,
12222,8,419,-1065,-195,24.02,-108.48,-51.94,-125.46,-84.26,98.12,394.98,-956.52,-143.06,
12319,8,330,-787,-17,-64.98,169.52,126.06,-125.46,-84.26,98.12,394.98,-956.52,-143.06,
12414,8,417,-947,-177,22.02,9.52,-33.94,-125.46,-84.26,98.12,394.98,-956.52,-143.06,
12508,8,404,-1090,-429,9.02,-133.48,-285.94,-125.46,-84.26,98.12,394.98,-956.52,-143.06,
12606,8,409,-902,-48,14.02,54.52,95.06,-125.46,-84.26,98.12,394.98,-956.52,-143.06,
12698,8,453,-1039,28,58.02,-82.48,171.06,-125.46,-84.26,98.12,394.98,-956.52,-143.06,
12792,8,431,-1203,30,36.02,-246.48,173.06,-125.46,-84.26,98.12,394.98,-956.52,-143.06,
12888,8,441,-1103,-262,46.02,-146.48,-118.94,-125.46,-84.26,98.12,394.98,-956.52,-143.06,
12986,8,407,-997,-220,12.02,-40.48,-76.94,-125.46,-84.26,98.12,394.98,-956.52,-143.06,
13082,8,294,-672,-122,-100.98,284.52,21.06,-125.46,-84.26,98.12,394.98,-956.52,-143.06,
13178,9,470,-1278,-270,75.02,-321.48,-126.94,-119.94,-108.24,99.98,394.98,-956.52,-143.06,
13278,9,446,-1225,-71,51.02,-268.48,72.06,-119.94,-108.24,99.98,394.98,-956.52,-143.06,
13375,9,420,-1060,-2,25.02,-103.48,141.06,-119.94,-108.24,99.98,394.98,-956.52,-143.06,
13471,9,382,-865,-67,-12.98,91.52,76.06,-119.94,-108.24,99.98,394.98,-956.52,-143.06,
13565,9,338,-832,-106,-56.98,124.52,37.06,-119.94,-108.24,99.98,394.98,-956.52,-143.06,
13663,9,385,-961,77,-9.98,-4.48,220.06,-119.94,-108.24,99.98,394.98,-956.52,-143.06,
13756,9,446,-1202,-165,51.02,-245.48,-21.94,-119.94,-108.24,99.98,394.98,-956.52,-143.06,
13854,9,474,-1192,-446,79.02,-235.48,-302.94,-119.94,-108.24,99.98,394.98,-956.52,-143.06,
13955,9,393,-902,-181,-1.98,54.52,-37.94,-119.94,-108.24,99.98,394.98,-956.52,-143.06,
14050,9,576,-1209,-404,181.02,-252.48,-260.94,-119.94,-108.24,99.98,394.98,-956.52,-143.06,
14151,10,444,-1041,-67,49.02,-84.48,76.06,-81.92,-224.32,79.54,394.98,-956.52,-143.06,
14246,10,353,-1014,-217,-41.98,-57.48,-73.94,-81.92,-224.32,79.54,394.98,-956.52,-143.06,
14345,10,429,-880,83,34.02,76.52,226.06,-81.92,-224.32,79.54,394.98,-956.52,-143.06,
14438,10,287,-834,-360,-107.98,122.52,-216.94,-81.92,-224.32,79.54,394.98,-956.52,-143.06,
14538,10,373,-923,-138,-21.98,33.52,5.06,-81.92,-224.32,79.54,394.98,-956.52,-143.06,
14632,10,757,-1223,-291,362.02,-266.48,-147.94,-81.92,-224.32,79.54,394.98,-956.52,-143.06,
14733,10,392,-865,-89,-2.98,91.52,54.06,-81.92,-224.32,79.54,394.98,-956.52,-143.06,
14827,10,282,-1015,-356,-112.98,-58.48,-212.94,-81.92,-224.32,79.54,394.98,-956.52,-143.06,
14927,10,379,-1014,-180,-15.98,-57.48,-36.94,-81.92,-224.32,79.54,394.98,-956.52,-143.06,
15026,10,214,-776,-175,-180.98,180.52,-31.94,-81.92,-224.32,79.54,394.98,-956.52,-143.06,
15125,11,376,-927,-177,-18.98,29.52,-33.94,-85.9,-226.3,43.6,394.98,-956.52,-143.06,
15221,11,383,-769,-126,-11.98,187.52,17.06,-85.9,-226.3,43.6,394.98,-956.52,-143.06,
15319,11,271,-919,61,-123.98,37.52,204.06,-85.9,-226.3,43.6,394.98,-956.52,-143.06,
15414,11,408,-1249,-200,13.02,-292.48,-56.94,-85.9,-226.3,43.6,394.98,-956.52,-143.06,
15512,11,356,-978,-221,-38.98,-21.48,-77.94,-85.9,-226.3,43.6,394.98,-956.52,-143.06,
15610,11,383,-887,28,-11.98,69.52,171.06,-85.9,-226.3,43.6,394.98,-956.52,-143.06,
15705,11,516,-1196,-301,121.02,-239.48,-157.94,-85.9,-226.3,43.6,394.98,-956.52,-143.06,
15805,11,407,-995,-232,12.02,-38.48,-88.94,-85.9,-226.3,43.6,394.98,-956.52,-143.06,
15902,11,349,-891,-180,-45.98,65.52,-36.94,-85.9,-226.3,43.6,394.98,-956.52,-143.06,
15998,11,463,-1058,-196,68.02,-101.48,-52.94,-85.9,-226.3,43.6,394.98,-956.52,-143.06,
16098,12,308,-858,-51,-86.98,98.52,92.06,-89.68,-256.68,32.26,394.98,-956.52,-143.06,
16191,12,470,-904,47,75.02,52.52,190.06,-89.68,-256.68,32.26,394.98,-956.52,-143.06,
16285,12,278,-783,-23,-116.98,173.52,120.06,-89.68,-256.68,32.26,394.98,-956.52,-143.06,
16382,12,268,-996,-330,-126.98,-39.48,-186.94,-89.68,-256.68,32.26,394.98,-956.52,-143.06,
16482,12,217,-937,-9,-177.98,19.52,134.06,-89.68,-256.68,32.26,394.98,-956.52,-143.06,
16578,12,493,-982,-213,98.02,-25.48,-69.94,-89.68,-256.68,32.26,394.98,-956.52,-143.06,
16674,12,100,-551,82,-294.98,405.52,225.06,-89.68,-256.68,32.26,394.98,-956.52,-143.06,
16771,12,317,-802,198,-77.98,154.52,341.06,-89.68,-256.68,32.26,394.98,-956.52,-143.06,
16868,12,367,-648,-53,-27.98,308.52,90.06,-89.68,-256.68,32.26,394.98,-956.52,-143.06,
16963,12,439,-1076,-340,44.02,-119.48,-196.94,-89.68,-256.68,32.26,394.98,-956.52,-143.06,
17063,13,277,-869,14,-117.98,87.52,157.06,-158.96,-153.86,106.12,394.98,-956.52,-143.06,
17161,13,279,-501,244,-115.98,455.52,387.06,-158.96,-153.86,106.12,394.98,-956.52,-143.06,
17260,13,423,-969,-69,28.02,-12.48,74.06,-158.96,-153.86,106.12,394.98,-956.52,-143.06,
17356,13,303,-856,-46,-91.98,100.52,97.06,-158.96,-153.86,106.12,394.98,-956.52,-143.06,
17455,13,603,-740,225,208.02,216.52,368.06,-158.96,-153.86,106.12,394.98,-956.52,-143.06,
17553,13,397,-1094,82,2.02,-137.48,225.06,-158.96,-153.86,106.12,394.98,-956.52,-143.06,
17651,13,345,-1176,-329,-49.98,-219.48,-185.94,-158.96,-153.86,106.12,394.98,-956.52,-143.06,
17754,13,251,-744,-115,-143.98,212.52,28.06,-158.96,-153.86,106.12,394.98,-956.52,-143.06,
17854,13,411,-1067,-153,16.02,-110.48,-9.94,-158.96,-153.86,106.12,394.98,-956.52,-143.06,
17953,13,449,-1070,-170,54.02,-113.48,-26.94,-158.96,-153.86,106.12,394.98,-956.52,-143.06,
18055,14,326,-954,-6,-68.98,2.52,137.06,-180.14,-105.94,217.48,394.98,-956.52,-143.06,
18150,14,552,-1086,-145,157.02,-129.48,-1.94,-180.14,-105.94,217.48,394.98,-956.52,-143.06,
18251,14,245,-784,-206,-149.98,172.52,-62.94,-180.14,-105.94,217.48,394.98,-956.52,-143.06,
18352,14,428,-1273,-90,33.02,-316.48,53.06,-180.14,-105.94,217.48,394.98,-956.52,-143.06,
18450,14,456,-894,287,61.02,62.52,430.06,-180.14,-105.94,217.48,394.98,-956.52,-143.06,
18547,14,528,-1029,-173,133.02,-72.48,-29.94,-180.14,-105.94,217.48,394.98,-956.52,-143.06,
18648,14,266,-998,-460,-128.98,-41.48,-316.94,-180.14,-105.94,217.48,394.98,-956.52,-143.06,
18750,14,414,-997,-298,19.02,-40.48,-154.94,-180.14,-105.94,217.48,394.98,-956.52,-143.06,
18849,14,424,-1004,-183,29.02,-47.48,-39.94,-180.14,-105.94,217.48,394.98,-956.52,-143.06,
18950,14,195,-700,-50,-199.98,256.52,93.06,-180.14,-105.94,217.48,394.98,-956.52,-143.06,
19049,15,437,-1205,-113,42.02,-248.48,30.06,-191.72,-121.32,228.14,394.98,-956.52,-143.06,
19148,15,465,-996,-58,70.02,-39.48,85.06,-191.72,-121.32,228.14,394.98,-956.52,-143.06,
19245,15,423,-1094,-42,28.02,-137.48,101.06,-191.72,-121.32,228.14,394.98,-956.52,-143.06,
19345,15,386,-1258,-403,-8.98,-301.48,-259.94,-191.72,-121.32,228.14,394.98,-956.52,-143.06,
19446,15,187,-922,153,-207.98,34.52,296.06,-191.72,-121.32,228.14,394.98,-956.52,-143.06,
19546,15,672,-1271,-195,277.02,-314.48,-51.94,-191.72,-121.32,228.14,394.98,-956.52,-143.06,
19647,15,245,-789,-32,-149.98,167.52,111.06,-191.72,-121.32,228.14,394.98,-956.52,-143.06,
19747,15,332,-840,-2,-62.98,116.52,141.06,-191.72,-121.32,228.14,394.98,-956.52,-143.06,
19845,15,348,-803,-232,-46.98,153.52,-88.94,-191.72,-121.32,228.14,394.98,-956.52,-143.06,
19945,15,588,-1128,-38,193.02,-171.48,105.06,-191.72,-121.32,228.14,394.98,-956.52,-143.06,
20045,16,462,-1249,-132,67.02,-292.48,11.06,-178.4,-195.4,275,394.98,-956.52,-143.06,
20146,16,337,-1009,21,-57.98,-52.48,164.06,-178.4,-195.4,275,394.98,-956.52,-143.06,
20244,16,290,-813,-131,-104.98,143.52,12.06,-178.4,-195.4,275,394.98,-956.52,-143.06,
20343,16,339,-1253,-299,-55.98,-296.48,-155.94,-178.4,-195.4,275,394.98,-956.52,-143.06,
20447,16,346,-727,2,-48.98,229.52,145.06,-178.4,-195.4,275,394.98,-956.52,-143.06,
20543,16,318,-899,-232,-76.98,57.52,-88.94,-178.4,-195.4,275,394.98,-956.52,-143.06,
20642,16,272,-789,-235,-122.98,167.52,-91.94,-178.4,-195.4,275,394.98,-956.52,-143.06,
20743,16,338,-829,-184,-56.98,127.52,-40.94,-178.4,-195.4,275,394.98,-956.52,-143.06,
20843,16,204,-650,153,-190.98,306.52,296.06,-178.4,-195.4,275,394.98,-956.52,-143.06,
20942,16,319,-964,-15,-75.98,-7.48,128.06,-178.4,-195.4,275,394.98,-956.52,-143.06,
21041,17,347,-1017,-347,-47.98,-60.48,-203.94,-250.88,-157.08,312.86,394.98,-956.52,-143.06,
21142,17,456,-769,-115,61.02,187.52,28.06,-250.88,-157.08,312.86,394.98,-956.52,-143.06,
21240,17,304,-938,-90,-90.98,18.52,53.06,-250.88,-157.08,312.86,394.98,-956.52,-143.06,
21337,17,296,-1041,120,-98.98,-84.48,263.06,-250.88,-157.08,312.86,394.98,-956.52,-143.06,
21436,17,321,-729,-133,-73.98,227.52,10.06,-250.88,-157.08,312.86,394.98,-956.52,-143.06,
21535,17,578,-1091,-389,183.02,-134.48,-245.94,-250.88,-157.08,312.86,394.98,-956.52,-143.06,
21638,17,422,-597,-319,27.02,359.52,-175.94,-250.88,-157.08,312.86,394.98,-956.52,-143.06,
21738,17,335,-961,-316,-59.98,-4.48,-172.94,-250.88,-157.08,312.86,394.98,-956.52,-143.06,
21837,17,262,-800,-124,-132.98,156.52,19.06,-250.88,-157.08,312.86,394.98,-956.52,-143.06,
21938,17,624,-1242,-304,229.02,-285.48,-160.94,-250.88,-157.08,312.86,394.98,-956.52,-143.06,
22041,18,383,-990,-317,-11.98,-33.48,-173.94,-251.36,-119.06,254.22,394.98,-956.52,-143.06,
22141,18,421,-962,-134,26.02,-5.48,9.06,-251.36,-119.06,254.22,394.98,-956.52,-143.06,
22237,18,532,-1133,-294,137.02,-176.48,-150.94,-251.36,-119.06,254.22,394.98,-956.52,-143.06,
22340,18,317,-798,-142,-77.98,158.52,1.06,-251.36,-119.06,254.22,394.98,-956.52,-143.06,
22437,18,450,-898,-142,55.02,58.52,1.06,-251.36,-119.06,254.22,394.98,-956.52,-143.06,
22534,18,61,-609,283,-333.98,347.52,426.06,-251.36,-119.06,254.22,394.98,-956.52,-143.06,
22632,18,365,-815,-54,-29.98,141.52,89.06,-251.36,-119.06,254.22,394.98,-956.52,-143.06,
22729,18,183,-660,-19,-211.98,296.52,124.06,-251.36,-119.06,254.22,394.98,-956.52,-143.06,
22830,18,333,-1207,-172,-61.98,-250.48,-28.94,-251.36,-119.06,254.22,394.98,-956.52,-143.06,
22932,18,68,-631,115,-326.98,325.52,258.06,-251.36,-119.06,254.22,394.98,-956.52,-143.06,
23030,19,220,-832,-182,-174.98,124.52,-38.94,-335.04,-32.84,309.68,394.98,-956.52,-143.06,
23130,19,430,-1044,-231,35.02,-87.48,-87.94,-335.04,-32.84,309.68,394.98,-956.52,-143.06,
23229,19,437,-1119,-370,42.02,-162.48,-226.94,-335.04,-32.84,309.68,394.98,-956.52,-143.06,
23329,19,315,-929,-115,-79.98,27.52,28.06,-335.04,-32.84,309.68,394.98,-956.52,-143.06,
23427,19,422,-801,-33,27.02,155.52,110.06,-335.04,-32.84,309.68,394.98,-956.52,-143.06,
23523,19,355,-948,-133,-39.98,8.52,10.06,-335.04,-32.84,309.68,394.98,-956.52,-143.06,
23618,19,608,-1273,-352,213.02,-316.48,-208.94,-335.04,-32.84,309.68,394.98,-956.52,-143.06,
23720,19,254,-837,-203,-140.98,119.52,-59.94,-335.04,-32.84,309.68,394.98,-956.52,-143.06,
23820,19,546,-928,-294,151.02,28.52,-150.94,-335.04,-32.84,309.68,394.98,-956.52,-143.06,
23919,19,635,-1291,-396,240.02,-334.48,-252.94,-335.04,-32.84,309.68,394.98,-956.52,-143.06,
24022,20,426,-1022,-141,31.02,-65.48,2.06,-307.82,-76.52,221.84,394.98,-956.52,-143.06,
24118,20,226,-760,247,-168.98,196.52,390.06,-307.82,-76.52,221.84,394.98,-956.52,-143.06,
24216,20,340,-860,-80,-54.98,96.52,63.06,-307.82,-76.52,221.84,394.98,-956.52,-143.06,
24311,20,409,-825,-262,14.02,131.52,-118.94,-307.82,-76.52,221.84,394.98,-956.52,-143.06,
24411,20,291,-897,-431,-103.98,59.52,-287.94,-307.82,-76.52,221.84,394.98,-956.52,-143.06,
24510,20,519,-1279,-165,124.02,-322.48,-21.94,-307.82,-76.52,221.84,394.98,-956.52,-143.06,
24611,20,418,-1084,-118,23.02,-127.48,25.06,-307.82,-76.52,221.84,394.98,-956.52,-143.06,
24710,20,405,-955,-79,10.02,1.52,64.06,-307.82,-76.52,221.84,394.98,-956.52,-143.06,
24803,20,420,-1150,-150,25.02,-193.48,-6.94,-307.82,-76.52,221.84,394.98,-956.52,-143.06,
24902,20,432,-1110,-250,37.02,-153.48,-106.94,-307.82,-76.52,221.84,394.98,-956.52,-143.06,
25004,21,461,-1001,-30,66.02,-44.48,113.06,-314.2,-114.2,222,394.98,-956.52,-143.06,
25102,21,359,-861,-252,-35.98,95.52,-108.94,-314.2,-114.2,222,394.98,-956.52,-143.06,
25201,21,281,-1096,-85,-113.98,-139.48,58.06,-314.2,-114.2,222,394.98,-956.52,-143.06,
25303,21,391,-902,9,-3.98,54.52,152.06,-314.2,-114.2,222,394.98,-956.52,-143.06,
25397,21,447,-1140,-151,52.02,-183.48,-7.94,-314.2,-114.2,222,394.98,-956.52,-143.06,
25496,21,204,-863,-82,-190.98,93.52,61.06,-314.2,-114.2,222,394.98,-956.52,-143.06,
25594,21,478,-995,-381,83.02,-38.48,-237.94,-314.2,-114.2,222,394.98,-956.52,-143.06,
25694,21,339,-959,-230,-55.98,-2.48,-86.94,-314.2,-114.2,222,394.98,-956.52,-143.06,
25793,21,356,-976,-132,-38.98,-19.48,11.06,-314.2,-114.2,222,394.98,-956.52,-143.06,
25891,21,360,-973,-410,-34.98,-16.48,-266.94,-314.2,-114.2,222,394.98,-956.52,-143.06,
25993,22,403,-910,58,8.02,46.52,201.06,-341.58,-134.28,190.66,394.98,-956.52,-143.06,
26087,22,342,-1413,-264,-52.98,-456.48,-120.94,-341.58,-134.28,190.66,394.98,-956.52,-143.06,
26189,22,286,-846,-102,-108.98,110.52,41.06,-341.58,-134.28,190.66,394.98,-956.52,-143.06,
26290,22,443,-948,-163,48.02,8.52,-19.94,-341.58,-134.28,190.66,394.98,-956.52,-143.06,
26386,22,410,-966,-23,15.02,-9.48,120.06,-341.58,-134.28,190.66,394.98,-956.52,-143.06,
26482,22,203,-764,132,-191.98,192.52,275.06,-341.58,-134.28,190.66,394.98,-956.52,-143.06,
26583,22,387,-1280,-453,-7.98,-323.48,-309.94,-341.58,-134.28,190.66,394.98,-956.52,-143.06,
26685,22,470,-879,-144,75.02,77.52,-0.94,-341.58,-134.28,190.66,394.98,-956.52,-143.06,
26781,22,314,-977,-75,-80.98,-20.48,68.06,-341.58,-134.28,190.66,394.98,-956.52,-143.06,
26878,22,353,-901,20,-41.98,55.52,163.06,-341.58,-134.28,190.66,394.98,-956.52,-143.06,
26976,23,222,-851,-172,-172.98,105.52,-28.94,-375.46,-166.16,232.32,394.98,-956.52,-143.06,
27076,23,419,-855,-208,24.02,101.52,-64.94,-375.46,-166.16,232.32,394.98,-956.52,-143.06,
27174,23,408,-1013,-256,13.02,-56.48,-112.94,-375.46,-166.16,232.32,394.98,-956.52,-143.06,
27276,23,325,-938,-256,-69.98,18.52,-112.94,-375.46,-166.16,232.32,394.98,-956.52,-143.06,
27376,23,210,-789,-162,-184.98,167.52,-18.94,-375.46,-166.16,232.32,394.98,-956.52,-143.06,
27476,23,411,-1041,-249,16.02,-84.48,-105.94,-375.46,-166.16,232.32,394.98,-956.52,-143.06,
27578,23,314,-620,103,-80.98,336.52,246.06,-375.46,-166.16,232.32,394.98,-956.52,-143.06,
27676,23,272,-903,-275,-122.98,53.52,-131.94,-375.46,-166.16,232.32,394.98,-956.52,-143.06,
27778,23,276,-843,-47,-118.98,113.52,96.06,-375.46,-166.16,232.32,394.98,-956.52,-143.06,
27876,23,750,-1319,-570,355.02,-362.48,-426.94,-375.46,-166.16,232.32,394.98,-956.52,-143.06,
27979,24,294,-949,-200,-100.98,7.52,-56.94,-409.74,-126.84,166.18,394.98,-956.52,-143.06,
28078,24,356,-944,-232,-38.98,12.52,-88.94,-409.74,-126.84,166.18,394.98,-956.52,-143.06,
28176,24,396,-817,-215,1.02,139.52,-71.94,-409.74,-126.84,166.18,394.98,-956.52,-143.06,
28274,24,335,-1032,-216,-59.98,-75.48,-72.94,-409.74,-126.84,166.18,394.98,-956.52,-143.06,
28375,24,291,-800,-55,-103.98,156.52,88.06,-409.74,-126.84,166.18,394.98,-956.52,-143.06,
28474,24,329,-751,99,-65.98,205.52,242.06,-409.74,-126.84,166.18,394.98,-956.52,-143.06,
28571,24,335,-900,23,-59.98,56.52,166.06,-409.74,-126.84,166.18,394.98,-956.52,-143.06,
28667,24,380,-1044,-122,-14.98,-87.48,21.06,-409.74,-126.84,166.18,394.98,-956.52,-143.06,
28768,24,342,-984,-90,-52.98,-27.48,53.06,-409.74,-126.84,166.18,394.98,-956.52,-143.06,
28865,24,465,-1173,-234,70.02,-216.48,-90.94,-409.74,-126.84,166.18,394.98,-956.52,-143.06,
28966,25,428,-1028,-147,33.02,-71.48,-3.94,-452.42,-109.72,185.04,394.98,-956.52,-143.06,
29065,25,442,-961,-60,47.02,-4.48,83.06,-452.42,-109.72,185.04,394.98,-956.52,-143.06,
29160,25,319,-978,-134,-75.98,-21.48,9.06,-452.42,-109.72,185.04,394.98,-956.52,-143.06,
29258,25,350,-920,-318,-44.98,36.52,-174.94,-452.42,-109.72,185.04,394.98,-956.52,-143.06,
29358,25,381,-825,-130,-13.98,131.52,13.06,-452.42,-109.72,185.04,394.98,-956.52,-143.06,
29457,25,497,-799,-20,102.02,157.52,123.06,-452.42,-109.72,185.04,394.98,-956.52,-143.06,
29555,25,426,-964,-272,31.02,-7.48,-128.94,-452.42,-109.72,185.04,394.98,-956.52,-143.06,
29655,25,395,-1073,-263,0.02,-116.48,-119.94,-452.42,-109.72,185.04,394.98,-956.52,-143.06,
29755,25,308,-1033,-265,-86.98,-76.48,-121.94,-452.42,-109.72,185.04,394.98,-956.52,-143.06,
29857,25,394,-1028,-146,-0.98,-71.48,-2.94,-452.42,-109.72,185.04,394.98,-956.52,-143.06,
29957,26,343,-981,-546,-51.98,-24.48,-402.94,-453.4,-114.1,152.6,394.98,-956.52,-143.06,
30057,26,332,-1021,192,-62.98,-64.48,335.06,-453.4,-114.1,152.6,394.98,-956.52,-143.06,
30156,26,289,-739,223,-105.98,217.52,366.06,-453.4,-114.1,152.6,394.98,-956.52,-143.06,
30257,26,350,-1044,-30,-44.98,-87.48,113.06,-453.4,-114.1,152.6,394.98,-956.52,-143.06,
30356,26,370,-1232,-5,-24.98,-275.48,138.06,-453.4,-114.1,152.6,394.98,-956.52,-143.06,
30456,26,287,-871,-230,-107.98,85.52,-86.94,-453.4,-114.1,152.6,394.98,-956.52,-143.06,
30556,26,341,-738,-124,-53.98,218.52,19.06,-453.4,-114.1,152.6,394.98,-956.52,-143.06,
30655,26,442,-900,-377,47.02,56.52,-233.94,-453.4,-114.1,152.6,394.98,-956.52,-143.06,
30753,26,377,-1253,-20,-17.98,-296.48,123.06,-453.4,-114.1,152.6,394.98,-956.52,-143.06,
30854,26,293,-870,-61,-101.98,86.52,82.06,-453.4,-114.1,152.6,394.98,-956.52,-143.06,
30952,27,671,-1341,-250,276.02,-384.48,-106.94,-505.98,-122.48,197.86,394.98,-956.52,-143.06,
31055,27,468,-1493,-150,73.02,-536.48,-6.94,-505.98,-122.48,197.86,394.98,-956.52,-143.06,
31155,27,386,-1017,-83,-8.98,-60.48,60.06,-505.98,-122.48,197.86,394.98,-956.52,-143.06,
31252,27,269,-702,7,-125.98,254.52,150.06,-505.98,-122.48,197.86,394.98,-956.52,-143.06,
31350,27,375,-877,-69,-19.98,79.52,74.06,-505.98,-122.48,197.86,394.98,-956.52,-143.06,
31447,27,323,-826,104,-71.98,130.52,247.06,-505.98,-122.48,197.86,394.98,-956.52,-143.06,
31545,27,272,-577,52,-122.98,379.52,195.06,-505.98,-122.48,197.86,394.98,-956.52,-143.06,
31644,27,329,-1155,-464,-65.98,-198.48,-320.94,-505.98,-122.48,197.86,394.98,-956.52,-143.06,
31748,27,273,-801,228,-121.98,155.52,371.06,-505.98,-122.48,197.86,394.98,-956.52,-143.06,
31847,27,444,-1032,-156,49.02,-75.48,-12.94,-505.98,-122.48,197.86,394.98,-956.52,-143.06,
31947,28,340,-1040,-274,-54.98,-83.48,-130.94,-519.96,-148.06,262.82,394.98,-956.52,-143.06,
32049,28,264,-879,-42,-130.98,77.52,101.06,-519.96,-148.06,262.82,394.98,-956.52,-143.06,
32147,28,324,-851,168,-70.98,105.52,311.06,-519.96,-148.06,262.82,394.98,-956.52,-143.06,
32246,28,304,-903,-61,-90.98,53.52,82.06,-519.96,-148.06,262.82,394.98,-956.52,-143.06,
32343,28,285,-692,189,-109.98,264.52,332.06,-519.96,-148.06,262.82,394.98,-956.52,-143.06,
32443,28,384,-924,-151,-10.98,32.52,-7.94,-519.96,-148.06,262.82,394.98,-956.52,-143.06,
32540,28,396,-1067,-365,1.02,-110.48,-221.94,-519.96,-148.06,262.82,394.98,-956.52,-143.06,
32642,28,140,-738,-3,-254.98,218.52,140.06,-519.96,-148.06,262.82,394.98,-956.52,-143.06,
32740,28,387,-895,-71,-7.98,61.52,72.06,-519.96,-148.06,262.82,394.98,-956.52,-143.06,
32835,28,323,-928,78,-71.98,28.52,221.06,-519.96,-148.06,262.82,394.98,-956.52,-143.06,
32932,29,393,-939,-457,-1.98,17.52,-313.94,-600.24,-83.24,352.68,394.98,-956.52,-143.06,
33030,29,425,-1170,-81,30.02,-213.48,62.06,-600.24,-83.24,352.68,394.98,-956.52,-143.06,
33127,29,380,-964,-53,-14.98,-7.48,90.06,-600.24,-83.24,352.68,394.98,-956.52,-143.06,
33223,29,455,-1211,-381,60.02,-254.48,-237.94,-600.24,-83.24,352.68,394.98,-956.52,-143.06,
33324,29,349,-710,-122,-45.98,246.52,21.06,-600.24,-83.24,352.68,394.98,-956.52,-143.06,
33421,29,92,-746,143,-302.98,210.52,286.06,-600.24,-83.24,352.68,394.98,-956.52,-143.06,
33519,29,160,-712,-124,-234.98,244.52,19.06,-600.24,-83.24,352.68,394.98,-956.52,-143.06,
33617,29,443,-839,-156,48.02,117.52,-12.94,-600.24,-83.24,352.68,394.98,-956.52,-143.06,
33716,29,397,-789,-169,2.02,167.52,-25.94,-600.24,-83.24,352.68,394.98,-956.52,-143.06,
33812,29,293,-635,-212,-101.98,321.52,-68.94,-600.24,-83.24,352.68,394.98,-956.52,-143.06,
33912,30,540,-1108,-518,145.02,-151.48,-374.94,-656.52,1.78,334.54,394.98,-956.52,-143.06,
34012,30,406,-1010,-171,11.02,-53.48,-27.94,-656.52,1.78,334.54,394.98,-956.52,-143.06,
34108,30,272,-961,-339,-122.98,-4.48,-195.94,-656.52,1.78,334.54,394.98,-956.52,-143.06,
34206,30,359,-1041,-602,-35.98,-84.48,-458.94,-656.52,1.78,334.54,394.98,-956.52,-143.06,
34305,30,392,-1057,-294,-2.98,-100.48,-150.94,-656.52,1.78,334.54,394.98,-956.52,-143.06,
34403,30,330,-920,88,-64.98,36.52,231.06,-656.52,1.78,334.54,394.98,-956.52,-143.06,
34496,30,400,-997,-55,5.02,-40.48,88.06,-656.52,1.78,334.54,394.98,-956.52,-143.06,
34589,30,349,-542,90,-45.98,414.52,233.06,-656.52,1.78,334.54,394.98,-956.52,-143.06,
34683,30,558,-1109,-287,163.02,-152.48,-143.94,-656.52,1.78,334.54,394.98,-956.52,-143.06,
34783,30,332,-1048,-27,-62.98,-91.48,116.06,-656.52,1.78,334.54,394.98,-956.52,-143.06,
34880,31,357,-853,-252,-37.98,103.52,-108.94,-657.7,-21,266.1,394.98,-956.52,-143.06,
34979,31,62,-555,-21,-332.98,401.52,122.06,-657.7,-21,266.1,394.98,-956.52,-143.06,
35077,31,368,-932,99,-26.98,24.52,242.06,-657.7,-21,266.1,394.98,-956.52,-143.06,
35173,31,385,-979,-83,-9.98,-22.48,60.06,-657.7,-21,266.1,394.98,-956.52,-143.06,
35268,31,360,-1163,-349,-34.98,-206.48,-205.94,-657.7,-21,266.1,394.98,-956.52,-143.06,
35369,31,277,-693,-87,-117.98,263.52,56.06,-657.7,-21,266.1,394.98,-956.52,-143.06,
35468,31,161,-769,-481,-233.98,187.52,-337.94,-657.7,-21,266.1,394.98,-956.52,-143.06,
35568,31,519,-1066,-328,124.02,-109.48,-184.94,-657.7,-21,266.1,394.98,-956.52,-143.06,
35671,31,135,-713,115,-259.98,243.52,258.06,-657.7,-21,266.1,394.98,-956.52,-143.06,
35769,31,235,-824,197,-159.98,132.52,340.06,-657.7,-21,266.1,394.98,-956.52,-143.06,
35868,32,426,-943,-343,31.02,13.52,-199.94,-766.78,80.82,290.16,394.98,-956.52,-143.06,
35964,32,471,-1092,-371,76.02,-135.48,-227.94,-766.78,80.82,290.16,394.98,-956.52,-143.06,
36065,32,486,-997,-298,91.02,-40.48,-154.94,-766.78,80.82,290.16,394.98,-956.52,-143.06,
36162,32,563,-1221,-416,168.02,-264.48,-272.94,-766.78,80.82,290.16,394.98,-956.52,-143.06,
36262,32,478,-723,45,83.02,233.52,188.06,-766.78,80.82,290.16,394.98,-956.52,-143.06,
36358,32,490,-1050,-398,95.02,-93.48,-254.94,-766.78,80.82,290.16,394.98,-956.52,-143.06,
36456,32,280,-914,-45,-114.98,42.52,98.06,-766.78,80.82,290.16,394.98,-956.52,-143.06,
36551,32,394,-1088,-475,-0.98,-131.48,-331.94,-766.78,80.82,290.16,394.98,-956.52,-143.06,
36652,32,441,-974,130,46.02,-17.48,273.06,-766.78,80.82,290.16,394.98,-956.52,-143.06,
36747,32,410,-1079,-140,15.02,-122.48,3.06,-766.78,80.82,290.16,394.98,-956.52,-143.06,
36844,33,396,-971,-25,1.02,-14.48,118.06,-717.86,29.24,202.12,394.98,-956.52,-143.06,
36938,33,424,-786,-285,29.02,170.52,-141.94,-717.86,29.24,202.12,394.98,-956.52,-143.06,
37036,33,398,-772,-113,3.02,184.52,30.06,-717.86,29.24,202.12,394.98,-956.52,-143.06,
37130,33,317,-1051,-307,-77.98,-94.48,-163.94,-717.86,29.24,202.12,394.98,-956.52,-143.06,
37230,33,413,-1040,-80,18.02,-83.48,63.06,-717.86,29.24,202.12,394.98,-956.52,-143.06,
37325,33,258,-834,86,-136.98,122.52,229.06,-717.86,29.24,202.12,394.98,-956.52,-143.06,
37422,33,317,-658,-44,-77.98,298.52,99.06,-717.86,29.24,202.12,394.98,-956.52,-143.06,
37517,33,456,-1175,-396,61.02,-218.48,-252.94,-717.86,29.24,202.12,394.98,-956.52,-143.06,
37617,33,312,-867,-191,-82.98,89.52,-47.94,-717.86,29.24,202.12,394.98,-956.52,-143.06,
37713,33,359,-909,-51,-35.98,47.52,92.06,-717.86,29.24,202.12,394.98,-956.52,-143.06,
37809,34,401,-968,-202,6.02,-11.48,-58.94,-747.84,79.46,204.58,394.98,-956.52,-143.06,
37904,34,250,-961,73,-144.98,-4.48,216.06,-747.84,79.46,204.58,394.98,-956.52,-143.06,
37999,34,297,-592,-138,-97.98,364.52,5.06,-747.84,79.46,204.58,394.98,-956.52,-143.06,
38094,34,484,-907,79,89.02,49.52,222.06,-747.84,79.46,204.58,394.98,-956.52,-143.06,
38188,34,314,-1165,-290,-80.98,-208.48,-146.94,-747.84,79.46,204.58,394.98,-956.52,-143.06,
38289,34,340,-980,-443,-54.98,-23.48,-299.94,-747.84,79.46,204.58,394.98,-956.52,-143.06,
38387,34,296,-740,108,-98.98,216.52,251.06,-747.84,79.46,204.58,394.98,-956.52,-143.06,
38483,34,493,-985,-104,98.02,-28.48,39.06,-747.84,79.46,204.58,394.98,-956.52,-143.06,
38580,34,333,-968,-269,-61.98,-11.48,-125.94,-747.84,79.46,204.58,394.98,-956.52,-143.06,
38678,34,540,-1060,30,145.02,-103.48,173.06,-747.84,79.46,204.58,394.98,-956.52,-143.06,
38776,35,335,-645,-12,-59.98,311.52,131.06,-768.02,103.38,232.04,394.98,-956.52,-143.06,
38874,35,290,-820,34,-104.98,136.52,177.06,-768.02,103.38,232.04,394.98,-956.52,-143.06,
38971,35,454,-1000,-268,59.02,-43.48,-124.94,-768.02,103.38,232.04,394.98,-956.52,-143.06,
39071,35,122,-774,297,-272.98,182.52,440.06,-768.02,103.38,232.04,394.98,-956.52,-143.06,
39170,35,476,-774,-218,81.02,182.52,-74.94,-768.02,103.38,232.04,394.98,-956.52,-143.06,
39267,35,325,-1133,-259,-69.98,-176.48,-115.94,-768.02,103.38,232.04,394.98,-956.52,-143.06,
39369,35,427,-1062,-229,32.02,-105.48,-85.94,-768.02,103.38,232.04,394.98,-956.52,-143.06,
39469,35,376,-708,-109,-18.98,248.52,34.06,-768.02,103.38,232.04,394.98,-956.52,-143.06,
39567,35,217,-816,112,-177.98,140.52,255.06,-768.02,103.38,232.04,394.98,-956.52,-143.06,
39665,35,240,-768,111,-154.98,188.52,254.06,-768.02,103.38,232.04,394.98,-956.52,-143.06,
39764,36,403,-951,-139,8.02,5.52,4.06,-836.8,209.9,321,394.98,-956.52,-143.06,
39857,36,312,-804,-142,-82.98,152.52,1.06,-836.8,209.9,321,394.98,-956.52,-143.06,
39953,36,309,-902,-91,-85.98,54.52,52.06,-836.8,209.9,321,394.98,-956.52,-143.06,
40048,36,440,-950,-2,45.02,6.52,141.06,-836.8,209.9,321,394.98,-956.52,-143.06,
40141,36,254,-733,-11,-140.98,223.52,132.06,-836.8,209.9,321,394.98,-956.52,-143.06,
40241,36,448,-835,-325,53.02,121.52,-181.94,-836.8,209.9,321,394.98,-956.52,-143.06,
40339,36,300,-912,-115,-94.98,44.52,28.06,-836.8,209.9,321,394.98,-956.52,-143.06,
40436,36,343,-981,-390,-51.98,-24.48,-246.94,-836.8,209.9,321,394.98,-956.52,-143.06,
40536,36,602,-1146,-471,207.02,-189.48,-327.94,-836.8,209.9,321,394.98,-956.52,-143.06,
40638,36,259,-914,-151,-135.98,42.52,-7.94,-836.8,209.9,321,394.98,-956.52,-143.06,
40735,37,528,-1076,-269,133.02,-119.48,-125.94,-864.78,253.62,280.36,394.98,-956.52,-143.06,
40838,37,485,-1124,-210,90.02,-167.48,-66.94,-864.78,253.62,280.36,394.98,-956.52,-143.06,
40937,37,375,-983,-37,-19.98,-26.48,106.06,-864.78,253.62,280.36,394.98,-956.52,-143.06,
41034,37,301,-913,-180,-93.98,43.52,-36.94,-864.78,253.62,280.36,394.98,-956.52,-143.06,
41133,37,347,-696,-73,-47.98,260.52,70.06,-864.78,253.62,280.36,394.98,-956.52,-143.06,
41229,37,452,-981,162,57.02,-24.48,305.06,-864.78,253.62,280.36,394.98,-956.52,-143.06,
41325,37,360,-935,2,-34.98,21.52,145.06,-864.78,253.62,280.36,394.98,-956.52,-143.06,
41420,37,358,-1023,-148,-36.98,-66.48,-4.94,-864.78,253.62,280.36,394.98,-956.52,-143.06,
41519,37,434,-1118,-293,39.02,-161.48,-149.94,-864.78,253.62,280.36,394.98,-956.52,-143.06,
41620,37,304,-933,-204,-90.98,23.52,-60.94,-864.78,253.62,280.36,394.98,-956.52,-143.06,
41717,38,384,-837,-108,-10.98,119.52,35.06,-865.36,231.94,298.42,394.98,-956.52,-143.06,
41815,38,388,-973,-63,-6.98,-16.48,80.06,-865.36,231.94,298.42,394.98,-956.52,-143.06,
41911,38,442,-923,36,47.02,33.52,179.06,-865.36,231.94,298.42,394.98,-956.52,-143.06,
42005,38,475,-1053,-161,80.02,-96.48,-17.94,-865.36,231.94,298.42,394.98,-956.52,-143.06,
42103,38,387,-995,-63,-7.98,-38.48,80.06,-865.36,231.94,298.42,394.98,-956.52,-143.06,
42199,38,424,-1086,-73,29.02,-129.48,70.06,-865.36,231.94,298.42,394.98,-956.52,-143.06,
42297,38,608,-1255,-174,213.02,-298.48,-30.94,-865.36,231.94,298.42,394.98,-956.52,-143.06,
42397,38,381,-792,-140,-13.98,164.52,3.06,-865.36,231.94,298.42,394.98,-956.52,-143.06,
42494,38,316,-1051,-309,-78.98,-94.48,-165.94,-865.36,231.94,298.42,394.98,-956.52,-143.06,
42595,38,286,-869,-152,-108.98,87.52,-8.94,-865.36,231.94,298.42,394.98,-956.52,-143.06,
42693,39,268,-819,34,-126.98,137.52,177.06,-851.24,205.06,320.78,394.98,-956.52,-143.06,
42790,39,513,-956,-20,118.02,0.52,123.06,-851.24,205.06,320.78,394.98,-956.52,-143.06,
42886,39,500,-680,143,105.02,276.52,286.06,-851.24,205.06,320.78,394.98,-956.52,-143.06,
42983,39,378,-808,-53,-16.98,148.52,90.06,-851.24,205.06,320.78,394.98,-956.52,-143.06,
43080,39,346,-850,190,-48.98,106.52,333.06,-851.24,205.06,320.78,394.98,-956.52,-143.06,
43177,39,260,-903,-229,-134.98,53.52,-85.94,-851.24,205.06,320.78,394.98,-956.52,-143.06,
43277,39,305,-774,-171,-89.98,182.52,-27.94,-851.24,205.06,320.78,394.98,-956.52,-143.06,
43375,39,332,-933,-313,-62.98,23.52,-169.94,-851.24,205.06,320.78,394.98,-956.52,-143.06,
43473,39,479,-1150,-184,84.02,-193.48,-40.94,-851.24,205.06,320.78,394.98,-956.52,-143.06,
43574,39,365,-801,-47,-29.98,155.52,96.06,-851.24,205.06,320.78,394.98,-956.52,-143.06,
43671,40,311,-713,-268,-83.98,243.52,-124.94,-871.62,294.18,398.84,394.98,-956.52,-143.06,
43770,40,397,-910,-114,2.02,46.52,29.06,-871.62,294.18,398.84,394.98,-956.52,-143.06,
43865,40,442,-1167,-295,47.02,-210.48,-151.94,-871.62,294.18,398.84,394.98,-956.52,-143.06,
43965,40,70,-821,307,-324.98,135.52,450.06,-871.62,294.18,398.84,394.98,-956.52,-143.06,
44063,40,301,-616,-114,-93.98,340.52,29.06,-871.62,294.18,398.84,394.98,-956.52,-143.06,
44161,40,320,-817,-46,-74.98,139.52,97.06,-871.62,294.18,398.84,394.98,-956.52,-143.06,
44257,40,380,-851,73,-14.98,105.52,216.06,-871.62,294.18,398.84,394.98,-956.52,-143.06,
44354,40,352,-901,-326,-42.98,55.52,-182.94,-871.62,294.18,398.84,394.98,-956.52,-143.06,
44452,40,243,-723,36,-151.98,233.52,179.06,-871.62,294.18,398.84,394.98,-956.52,-143.06,
44550,40,292,-614,-3,-102.98,342.52,140.06,-871.62,294.18,398.84,394.98,-956.52,-143.06,
44648,41,484,-1164,-36,89.02,-207.48,107.06,-955.8,437.4,466.9,394.98,-956.52,-143.06,
44746,41,330,-437,-288,-64.98,519.52,-144.94,-955.8,437.4,466.9,394.98,-956.52,-143.06,
44847,41,437,-967,-462,42.02,-10.48,-318.94,-955.8,437.4,466.9,394.98,-956.52,-143.06,
44945,41,556,-1091,-245,161.02,-134.48,-101.94,-955.8,437.4,466.9,394.98,-956.52,-143.06,
45047,41,338,-600,-39,-56.98,356.52,104.06,-955.8,437.4,466.9,394.98,-956.52,-143.06,
45145,41,240,-696,17,-154.98,260.52,160.06,-955.8,437.4,466.9,394.98,-956.52,-143.06,
45242,41,373,-768,359,-21.98,188.52,502.06,-955.8,437.4,466.9,394.98,-956.52,-143.06,
45340,41,334,-1023,-251,-60.98,-66.48,-107.94,-955.8,437.4,466.9,394.98,-956.52,-143.06,
45441,41,399,-1110,53,4.02,-153.48,196.06,-955.8,437.4,466.9,394.98,-956.52,-143.06,
45538,41,329,-1093,-323,-65.98,-136.48,-179.94,-955.8,437.4,466.9,394.98,-956.52,-143.06,
45640,42,447,-997,-42,52.02,-40.48,101.06,-968.78,499.02,488.46,394.98,-956.52,-143.06,
45736,42,347,-787,38,-47.98,169.52,181.06,-968.78,499.02,488.46,394.98,-956.52,-143.06,
45833,42,197,-840,-427,-197.98,116.52,-283.94,-968.78,499.02,488.46,394.98,-956.52,-143.06,
45933,42,342,-884,-183,-52.98,72.52,-39.94,-968.78,499.02,488.46,394.98,-956.52,-143.06,
46031,42,345,-970,-269,-49.98,-13.48,-125.94,-968.78,499.02,488.46,394.98,-956.52,-143.06,
46131,42,359,-941,-67,-35.98,15.52,76.06,-968.78,499.02,488.46,394.98,-956.52,-143.06,
46226,42,347,-853,-200,-47.98,103.52,-56.94,-968.78,499.02,488.46,394.98,-956.52,-143.06,
46325,42,386,-1065,-143,-8.98,-108.48,0.06,-968.78,499.02,488.46,394.98,-956.52,-143.06,
46423,42,382,-1045,-681,-12.98,-88.48,-537.94,-968.78,499.02,488.46,394.98,-956.52,-143.06,
46524,42,82,-628,20,-312.98,328.52,163.06,-968.78,499.02,488.46,394.98,-956.52,-143.06,
46620,43,372,-781,-98,-22.98,175.52,45.06,-1040.36,554.54,436.12,394.98,-956.52,-143.06,
46717,43,551,-1049,-254,156.02,-92.48,-110.94,-1040.36,554.54,436.12,394.98,-956.52,-143.06,
46820,43,411,-1068,-549,16.02,-111.48,-405.94,-1040.36,554.54,436.12,394.98,-956.52,-143.06,
46922,43,352,-850,-84,-42.98,106.52,59.06,-1040.36,554.54,436.12,394.98,-956.52,-143.06,
47020,43,264,-1032,-125,-130.98,-75.48,18.06,-1040.36,554.54,436.12,394.98,-956.52,-143.06,
47121,43,386,-781,-295,-8.98,175.52,-151.94,-1040.36,554.54,436.12,394.98,-956.52,-143.06,
47220,43,436,-1023,-10,41.02,-66.48,133.06,-1040.36,554.54,436.12,394.98,-956.52,-143.06,
47319,43,408,-994,179,13.02,-37.48,322.06,-1040.36,554.54,436.12,394.98,-956.52,-143.06,
47417,43,376,-868,201,-18.98,88.52,344.06,-1040.36,554.54,436.12,394.98,-956.52,-143.06,
47514,43,443,-996,-83,48.02,-39.48,60.06,-1040.36,554.54,436.12,394.98,-956.52,-143.06,
47611,44,358,-842,48,-36.98,114.52,191.06,-1035.44,566.86,467.38,394.98,-956.52,-143.06,
47709,44,343,-1033,-156,-51.98,-76.48,-12.94,-1035.44,566.86,467.38,394.98,-956.52,-143.06,
47809,44,253,-861,-453,-141.98,95.52,-309.94,-1035.44,566.86,467.38,394.98,-956.52,-143.06,
47910,44,303,-1274,-360,-91.98,-317.48,-216.94,-1035.44,566.86,467.38,394.98,-956.52,-143.06,
48014,44,231,-772,103,-163.98,184.52,246.06,-1035.44,566.86,467.38,394.98,-956.52,-143.06,
48113,44,516,-1012,-32,121.02,-55.48,111.06,-1035.44,566.86,467.38,394.98,-956.52,-143.06,
48214,44,532,-945,-274,137.02,11.52,-130.94,-1035.44,566.86,467.38,394.98,-956.52,-143.06,
48313,44,293,-893,-109,-101.98,63.52,34.06,-1035.44,566.86,467.38,394.98,-956.52,-143.06,
48411,44,348,-896,-56,-46.98,60.52,87.06,-1035.44,566.86,467.38,394.98,-956.52,-143.06,
48508,44,253,-862,235,-141.98,94.52,378.06,-1035.44,566.86,467.38,394.98,-956.52,-143.06,
48608,45,383,-1030,2,-11.98,-73.48,145.06,-1087.42,584.38,505.04,394.98,-956.52,-143.06,
48705,45,457,-986,111,62.02,-29.48,254.06,-1087.42,584.38,505.04,394.98,-956.52,-143.06,
48802,45,315,-1197,-596,-79.98,-240.48,-452.94,-1087.42,584.38,505.04,394.98,-956.52,-143.06,
48906,45,323,-676,-47,-71.98,280.52,96.06,-1087.42,584.38,505.04,394.98,-956.52,-143.06,
49003,45,401,-554,-129,6.02,402.52,14.06,-1087.42,584.38,505.04,394.98,-956.52,-143.06,
49099,45,578,-1062,-190,183.02,-105.48,-46.94,-1087.42,584.38,505.04,394.98,-956.52,-143.06,
49202,45,276,-964,-765,-118.98,-7.48,-621.94,-1087.42,584.38,505.04,394.98,-956.52,-143.06,
49302,45,533,-1053,33,138.02,-96.48,176.06,-1087.42,584.38,505.04,394.98,-956.52,-143.06,
49401,45,304,-1016,-95,-90.98,-59.48,48.06,-1087.42,584.38,505.04,394.98,-956.52,-143.06,
49500,45,256,-620,61,-138.98,336.52,204.06,-1087.42,584.38,505.04,394.98,-956.52,-143.06,
49599,46,390,-1019,-489,-4.98,-62.48,-345.94,-1099.8,625.1,486.6,394.98,-956.52,-143.06,
49699,46,466,-1061,-138,71.02,-104.48,5.06,-1099.8,625.1,486.6,394.98,-956.52,-143.06,
49799,46,432,-1139,-24,37.02,-182.48,119.06,-1099.8,625.1,486.6,394.98,-956.52,-143.06,
49898,46,362,-789,-81,-32.98,167.52,62.06,-1099.8,625.1,486.6,394.98,-956.52,-143.06,
49995,46,64,-631,229,-330.98,325.52,372.06,-1099.8,625.1,486.6,394.98,-956.52,-143.06,
50095,46,470,-710,-69,75.02,246.52,74.06,-1099.8,625.1,486.6,394.98,-956.52,-143.06,
50191,46,253,-720,177,-141.98,236.52,320.06,-1099.8,625.1,486.6,394.98,-956.52,-143.06,
50291,46,230,-919,90,-164.98,37.52,233.06,-1099.8,625.1,486.6,394.98,-956.52,-143.06,
50388,46,529,-1091,-189,134.02,-134.48,-45.94,-1099.8,625.1,486.6,394.98,-956.52,-143.06,
50491,46,363,-871,-144,-31.98,85.52,-0.94,-1099.8,625.1,486.6,394.98,-956.52,-143.06,
50588,47,371,-991,-131,-23.98,-34.48,12.06,-1138.88,686.62,565.86,394.98,-956.52,-143.06,
50686,47,284,-837,-179,-110.98,119.52,-35.94,-1138.88,686.62,565.86,394.98,-956.52,-143.06,
50788,47,405,-1154,-210,10.02,-197.48,-66.94,-1138.88,686.62,565.86,394.98,-956.52,-143.06,
50888,47,487,-1075,-392,92.02,-118.48,-248.94,-1138.88,686.62,565.86,394.98,-956.52,-143.06,
50991,47,514,-945,-195,119.02,11.52,-51.94,-1138.88,686.62,565.86,394.98,-956.52,-143.06,
51089,47,411,-1066,-373,16.02,-109.48,-229.94,-1138.88,686.62,565.86,394.98,-956.52,-143.06,
51191,47,273,-894,58,-121.98,62.52,201.06,-1138.88,686.62,565.86,394.98,-956.52,-143.06,
51289,47,174,-690,-60,-220.98,266.52,83.06,-1138.88,686.62,565.86,394.98,-956.52,-143.06,
51388,47,369,-853,-78,-25.98,103.52,65.06,-1138.88,686.62,565.86,394.98,-956.52,-143.06,
51485,47,416,-1026,-6,21.02,-69.48,137.06,-1138.88,686.62,565.86,394.98,-956.52,-143.06,
51584,48,438,-1171,-122,43.02,-214.48,21.06,-1163.46,690.04,552.32,394.98,-956.52,-143.06,
51683,48,353,-1255,-242,-41.98,-298.48,-98.94,-1163.46,690.04,552.32,394.98,-956.52,-143.06,
51785,48,320,-916,-200,-74.98,40.52,-56.94,-1163.46,690.04,552.32,394.98,-956.52,-143.06,
51884,48,299,-821,-117,-95.98,135.52,26.06,-1163.46,690.04,552.32,394.98,-956.52,-143.06,
51983,48,332,-924,-121,-62.98,32.52,22.06,-1163.46,690.04,552.32,394.98,-956.52,-143.06,
52080,48,538,-1083,-136,143.02,-126.48,7.06,-1163.46,690.04,552.32,394.98,-956.52,-143.06,
52179,48,462,-1231,-218,67.02,-274.48,-74.94,-1163.46,690.04,552.32,394.98,-956.52,-143.06,
52281,48,243,-769,68,-151.98,187.52,211.06,-1163.46,690.04,552.32,394.98,-956.52,-143.06,
52379,48,258,-766,-358,-136.98,190.52,-214.94,-1163.46,690.04,552.32,394.98,-956.52,-143.06,
52482,48,317,-854,-114,-77.98,102.52,29.06,-1163.46,690.04,552.32,394.98,-956.52,-143.06,
52581,49,199,-583,-27,-195.98,373.52,116.06,-1202.44,667.56,539.38,394.98,-956.52,-143.06,
52680,49,312,-828,-88,-82.98,128.52,55.06,-1202.44,667.56,539.38,394.98,-956.52,-143.06,
52777,49,189,-839,-179,-205.98,117.52,-35.94,-1202.44,667.56,539.38,394.98,-956.52,-143.06,
52879,49,414,-1035,-280,19.02,-78.48,-136.94,-1202.44,667.56,539.38,394.98,-956.52,-143.06,
52979,49,583,-1008,92,188.02,-51.48,235.06,-1202.44,667.56,539.38,394.98,-956.52,-143.06,
53079,49,225,-848,-172,-169.98,108.52,-28.94,-1202.44,667.56,539.38,394.98,-956.52,-143.06,
53179,49,430,-1179,-55,35.02,-222.48,88.06,-1202.44,667.56,539.38,394.98,-956.52,-143.06,
53278,49,422,-897,-412,27.02,59.52,-268.94,-1202.44,667.56,539.38,394.98,-956.52,-143.06,
53377,49,317,-1081,-227,-77.98,-124.48,-83.94,-1202.44,667.56,539.38,394.98,-956.52,-143.06,
53479,49,426,-952,-342,31.02,4.52,-198.94,-1202.44,667.56,539.38,394.98,-956.52,-143.06,
53576,50,390,-954,-104,-4.98,2.52,39.06,-1245.72,699.08,513.44,394.98,-956.52,-143.06,
53671,50,437,-984,39,42.02,-27.48,182.06,-1245.72,699.08,513.44,394.98,-956.52,-143.06,
53769,50,429,-840,-96,34.02,116.52,47.06,-1245.72,699.08,513.44,394.98,-956.52,-143.06,
53865,50,370,-960,-115,-24.98,-3.48,28.06,-1245.72,699.08,513.44,394.98,-956.52,-143.06,
53962,50,327,-918,111,-67.98,38.52,254.06,-1245.72,699.08,513.44,394.98,-956.52,-143.06,
54061,50,363,-947,-125,-31.98,9.52,18.06,-1245.72,699.08,513.44,394.98,-956.52,-143.06,
54157,50,434,-1023,-206,39.02,-66.48,-62.94,-1245.72,699.08,513.44,394.98,-956.52,-143.06,
54256,50,503,-912,-207,108.02,44.52,-63.94,-1245.72,699.08,513.44,394.98,-956.52,-143.06,
54355,50,365,-842,-88,-29.98,114.52,55.06,-1245.72,699.08,513.44,394.98,-956.52,-143.06,
54453,50,434,-975,-152,39.02,-18.48,-8.94,-1245.72,699.08,513.44,394.98,-956.52,-143.06,
54551,51,376,-1060,105,-18.98,-103.48,248.06,-1235.5,720.1,562.2,394.98,-956.52,-143.06,
54651,51,503,-862,25,108.02,94.52,168.06,-1235.5,720.1,562.2,394.98,-956.52,-143.06,
54748,51,391,-861,-344,-3.98,95.52,-200.94,-1235.5,720.1,562.2,394.98,-956.52,-143.06,
54847,51,360,-919,-183,-34.98,37.52,-39.94,-1235.5,720.1,562.2,394.98,-956.52,-143.06,
54945,51,135,-744,112,-259.98,212.52,255.06,-1235.5,720.1,562.2,394.98,-956.52,-143.06,
55046,51,542,-1059,-193,147.02,-102.48,-49.94,-1235.5,720.1,562.2,394.98,-956.52,-143.06,
55147,51,463,-984,-53,68.02,-27.48,90.06,-1235.5,720.1,562.2,394.98,-956.52,-143.06,
55244,51,359,-950,-293,-35.98,6.52,-149.94,-1235.5,720.1,562.2,394.98,-956.52,-143.06,
55343,51,333,-1108,58,-61.98,-151.48,201.06,-1235.5,720.1,562.2,394.98,-956.52,-143.06,
55442,51,169,-786,-50,-225.98,170.52,93.06,-1235.5,720.1,562.2,394.98,-956.52,-143.06,
55541,52,373,-983,-37,-21.98,-26.48,106.06,-1267.38,743.32,623.66,394.98,-956.52,-143.06,
55640,52,342,-923,-306,-52.98,33.52,-162.94,-1267.38,743.32,623.66,394.98,-956.52,-143.06,
55740,52,437,-980,-96,42.02,-23.48,47.06,-1267.38,743.32,623.66,394.98,-956.52,-143.06,
55836,52,398,-1100,-455,3.02,-143.48,-311.94,-1267.38,743.32,623.66,394.98,-956.52,-143.06,
55938,52,279,-881,-305,-115.98,75.52,-161.94,-1267.38,743.32,623.66,394.98,-956.52,-143.06,
56038,52,475,-1110,-154,80.02,-153.48,-10.94,-1267.38,743.32,623.66,394.98,-956.52,-143.06,
56139,52,357,-984,-100,-37.98,-27.48,43.06,-1267.38,743.32,623.66,394.98,-956.52,-143.06,
56238,52,319,-828,-31,-75.98,128.52,112.06,-1267.38,743.32,623.66,394.98,-956.52,-143.06,
56337,52,273,-751,-17,-121.98,205.52,126.06,-1267.38,743.32,623.66,394.98,-956.52,-143.06,
56436,52,460,-873,-239,65.02,83.52,-95.94,-1267.38,743.32,623.66,394.98,-956.52,-143.06,
56535,53,277,-1212,-111,-117.98,-255.48,32.06,-1291.06,758.54,592.72,394.98,-956.52,-143.06,
56636,53,355,-992,-4,-39.98,-35.48,139.06,-1291.06,758.54,592.72,394.98,-956.52,-143.06,
56733,53,164,-870,-285,-230.98,86.52,-141.94,-1291.06,758.54,592.72,394.98,-956.52,-143.06,
56835,53,358,-911,77,-36.98,45.52,220.06,-1291.06,758.54,592.72,394.98,-956.52,-143.06,
56931,53,308,-960,-298,-86.98,-3.48,-154.94,-1291.06,758.54,592.72,394.98,-956.52,-143.06,
57031,53,626,-1313,-427,231.02,-356.48,-283.94,-1291.06,758.54,592.72,394.98,-956.52,-143.06,
57134,53,275,-858,12,-119.98,98.52,155.06,-1291.06,758.54,592.72,394.98,-956.52,-143.06,
57232,53,370,-978,236,-24.98,-21.48,379.06,-1291.06,758.54,592.72,394.98,-956.52,-143.06,
57330,53,208,-917,-3,-186.98,39.52,140.06,-1291.06,758.54,592.72,394.98,-956.52,-143.06,
57427,53,294,-901,-198,-100.98,55.52,-54.94,-1291.06,758.54,592.72,394.98,-956.52,-143.06,
57528,54,368,-1008,-232,-26.98,-51.48,-88.94,-1362.54,723.86,635.68,394.98,-956.52,-143.06,
57629,54,334,-967,-189,-60.98,-10.48,-45.94,-1362.54,723.86,635.68,394.98,-956.52,-143.06,
57729,54,450,-923,-357,55.02,33.52,-213.94,-1362.54,723.86,635.68,394.98,-956.52,-143.06,
57827,54,442,-1073,-113,47.02,-116.48,30.06,-1362.54,723.86,635.68,394.98,-956.52,-143.06,
57927,54,441,-1073,10,46.02,-116.48,153.06,-1362.54,723.86,635.68,394.98,-956.52,-143.06,
58025,54,284,-746,-83,-110.98,210.52,60.06,-1362.54,723.86,635.68,394.98,-956.52,-143.06,
58125,54,349,-987,-348,-45.98,-30.48,-204.94,-1362.54,723.86,635.68,394.98,-956.52,-143.06,
58225,54,503,-1049,-221,108.02,-92.48,-77.94,-1362.54,723.86,635.68,394.98,-956.52,-143.06,
58327,54,304,-813,205,-90.98,143.52,348.06,-1362.54,723.86,635.68,394.98,-956.52,-143.06,
58425,54,333,-893,-205,-61.98,63.52,-61.94,-1362.54,723.86,635.68,394.98,-956.52,-143.06,
58524,55,557,-1121,-225,162.02,-164.48,-81.94,-1376.72,727.18,625.44,394.98,-956.52,-143.06,
58626,55,409,-1030,29,14.02,-73.48,172.06,-1376.72,727.18,625.44,394.98,-956.52,-143.06,
58724,55,466,-1079,-23,71.02,-122.48,120.06,-1376.72,727.18,625.44,394.98,-956.52,-143.06,
58823,55,314,-686,28,-80.98,270.52,171.06,-1376.72,727.18,625.44,394.98,-956.52,-143.06,
58920,55,473,-1130,-350,78.02,-173.48,-206.94,-1376.72,727.18,625.44,394.98,-956.52,-143.06,
59023,55,341,-1021,-85,-53.98,-64.48,58.06,-1376.72,727.18,625.44,394.98,-956.52,-143.06,
59121,55,452,-1086,-166,57.02,-129.48,-22.94,-1376.72,727.18,625.44,394.98,-956.52,-143.06,
59223,55,285,-628,99,-109.98,328.52,242.06,-1376.72,727.18,625.44,394.98,-956.52,-143.06,
59321,55,414,-999,-82,19.02,-42.48,61.06,-1376.72,727.18,625.44,394.98,-956.52,-143.06,
59418,55,101,-650,10,-293.98,306.52,153.06,-1376.72,727.18,625.44,394.98,-956.52,-143.06,
59517,56,454,-1024,-226,59.02,-67.48,-82.94,-1390.5,740.7,692,394.98,-956.52,-143.06,
59617,56,459,-1120,-286,64.02,-163.48,-142.94,-1390.5,740.7,692,394.98,-956.52,-143.06,
59718,56,189,-838,41,-205.98,118.52,184.06,-1390.5,740.7,692,394.98,-956.52,-143.06,
59817,56,393,-774,146,-1.98,182.52,289.06,-1390.5,740.7,692,394.98,-956.52,-143.06,
59915,56,384,-779,290,-10.98,177.52,433.06,-1390.5,740.7,692,394.98,-956.52,-143.06,
60013,56,431,-1139,-167,36.02,-182.48,-23.94,-1390.5,740.7,692,394.98,-956.52,-143.06,
60114,56,393,-1037,-436,-1.98,-80.48,-292.94,-1390.5,740.7,692,394.98,-956.52,-143.06,
60216,56,458,-787,-89,63.02,169.52,54.06,-1390.5,740.7,692,394.98,-956.52,-143.06,
60312,56,332,-849,-193,-62.98,107.52,-49.94,-1390.5,740.7,692,394.98,-956.52,-143.06,
60411,56,375,-1096,45,-19.98,-139.48,188.06,-1390.5,740.7,692,394.98,-956.52,-143.06,
60512,57,312,-864,18,-82.98,92.52,161.06,-1398.68,752.92,747.56,394.98,-956.52,-143.06,
60608,57,447,-970,-324,52.02,-13.48,-180.94,-1398.68,752.92,747.56,394.98,-956.52,-143.06,
60708,57,342,-813,193,-52.98,143.52,336.06,-1398.68,752.92,747.56,394.98,-956.52,-143.06,
60807,57,284,-774,-135,-110.98,182.52,8.06,-1398.68,752.92,747.56,394.98,-956.52,-143.06,
60905,57,227,-799,-14,-167.98,157.52,129.06,-1398.68,752.92,747.56,394.98,-956.52,-143.06,
61005,57,398,-1034,-311,3.02,-77.48,-167.94,-1398.68,752.92,747.56,394.98,-956.52,-143.06,
61105,57,299,-1165,-227,-95.98,-208.48,-83.94,-1398.68,752.92,747.56,394.98,-956.52,-143.06,
61207,57,334,-813,91,-60.98,143.52,234.06,-1398.68,752.92,747.56,394.98,-956.52,-143.06,
61304,57,313,-897,-245,-81.98,59.52,-101.94,-1398.68,752.92,747.56,394.98,-956.52,-143.06,
61405,57,417,-1144,-322,22.02,-187.48,-178.94,-1398.68,752.92,747.56,394.98,-956.52,-143.06,
61507,58,273,-1042,-20,-121.98,-85.48,123.06,-1456.36,782.14,763.02,394.98,-956.52,-143.06,
61607,58,401,-979,-155,6.02,-22.48,-11.94,-1456.36,782.14,763.02,394.98,-956.52,-143.06,
61705,58,317,-1068,-300,-77.98,-111.48,-156.94,-1456.36,782.14,763.02,394.98,-956.52,-143.06,
61808,58,284,-789,166,-110.98,167.52,309.06,-1456.36,782.14,763.02,394.98,-956.52,-143.06,
61907,58,355,-832,-228,-39.98,124.52,-84.94,-1456.36,782.14,763.02,394.98,-956.52,-143.06,
62008,58,526,-1042,-277,131.02,-85.48,-133.94,-1456.36,782.14,763.02,394.98,-956.52,-143.06,
62110,58,388,-835,-129,-6.98,121.52,14.06,-1456.36,782.14,763.02,394.98,-956.52,-143.06,
62208,58,227,-863,325,-167.98,93.52,468.06,-1456.36,782.14,763.02,394.98,-956.52,-143.06,
62306,58,376,-906,-198,-18.98,50.52,-54.94,-1456.36,782.14,763.02,394.98,-956.52,-143.06,
62405,58,307,-1222,-256,-87.98,-265.48,-112.94,-1456.36,782.14,763.02,394.98,-956.52,-143.06,
62509,59,417,-1064,-321,22.02,-107.48,-177.94,-1505.94,780.86,798.88,394.98,-956.52,-143.06,
62610,59,411,-1052,-95,16.02,-95.48,48.06,-1505.94,780.86,798.88,394.98,-956.52,-143.06,
62707,59,346,-1026,-223,-48.98,-69.48,-79.94,-1505.94,780.86,798.88,394.98,-956.52,-143.06,
62809,59,308,-590,-143,-86.98,366.52,0.06,-1505.94,780.86,798.88,394.98,-956.52,-143.06,
62906,59,268,-798,-222,-126.98,158.52,-78.94,-1505.94,780.86,798.88,394.98,-956.52,-143.06,
63007,59,361,-1160,-200,-33.98,-203.48,-56.94,-1505.94,780.86,798.88,394.98,-956.52,-143.06,
63109,59,215,-812,45,-179.98,144.52,188.06,-1505.94,780.86,798.88,394.98,-956.52,-143.06,
63208,59,440,-851,19,45.02,105.52,162.06,-1505.94,780.86,798.88,394.98,-956.52,-143.06,
63304,59,388,-852,-500,-6.98,104.52,-356.94,-1505.94,780.86,798.88,394.98,-956.52,-143.06,
63405,59,283,-942,-250,-111.98,14.52,-106.94,-1505.94,780.86,798.88,394.98,-956.52,-143.06,
63506,60,505,-880,94,110.02,76.52,237.06,-1557.22,822.68,752.94,394.98,-956.52,-143.06,
63601,60,388,-989,-437,-6.98,-32.48,-293.94,-1557.22,822.68,752.94,394.98,-956.52,-143.06,
63702,60,277,-959,-392,-117.98,-2.48,-248.94,-1557.22,822.68,752.94,394.98,-956.52,-143.06,
63802,60,390,-826,-7,-4.98,130.52,136.06,-1557.22,822.68,752.94,394.98,-956.52,-143.06,
63899,60,296,-963,-86,-98.98,-6.48,57.06,-1557.22,822.68,752.94,394.98,-956.52,-143.06,
63995,60,318,-976,-91,-76.98,-19.48,52.06,-1557.22,822.68,752.94,394.98,-956.52,-143.06,
64093,60,516,-772,-152,121.02,184.52,-8.94,-1557.22,822.68,752.94,394.98,-956.52,-143.06,
64192,60,474,-1247,-397,79.02,-290.48,-253.94,-1557.22,822.68,752.94,394.98,-956.52,-143.06,
64293,60,658,-1016,-59,263.02,-59.48,84.06,-1557.22,822.68,752.94,394.98,-956.52,-143.06,
64393,60,367,-905,179,-27.98,51.52,322.06,-1557.22,822.68,752.94,394.98,-956.52,-143.06,
64491,61,288,-661,2,-106.98,295.52,145.06,-1533.3,825.9,761.2,394.98,-956.52,-143.06,
64588,61,306,-696,-25,-88.98,260.52,118.06,-1533.3,825.9,761.2,394.98,-956.52,-143.06,
64687,61,379,-901,-46,-15.98,55.52,97.06,-1533.3,825.9,761.2,394.98,-956.52,-143.06,
64783,61,434,-938,-317,39.02,18.52,-173.94,-1533.3,825.9,761.2,394.98,-956.52,-143.06,
64882,61,299,-1004,-174,-95.98,-47.48,-30.94,-1533.3,825.9,761.2,394.98,-956.52,-143.06,
64983,61,347,-1208,-110,-47.98,-251.48,33.06,-1533.3,825.9,761.2,394.98,-956.52,-143.06,
65084,61,229,-738,-138,-165.98,218.52,5.06,-1533.3,825.9,761.2,394.98,-956.52,-143.06,
65182,61,349,-826,-233,-45.98,130.52,-89.94,-1533.3,825.9,761.2,394.98,-956.52,-143.06,
65283,61,455,-1216,-422,60.02,-259.48,-278.94,-1533.3,825.9,761.2,394.98,-956.52,-143.06,
65384,61,281,-902,-189,-113.98,54.52,-45.94,-1533.3,825.9,761.2,394.98,-956.52,-143.06,
65484,62,443,-1082,-370,48.02,-125.48,-226.94,-1591.58,873.42,739.06,394.98,-956.52,-143.06,
65586,62,450,-1034,-221,55.02,-77.48,-77.94,-1591.58,873.42,739.06,394.98,-956.52,-143.06,
65686,62,251,-731,-72,-143.98,225.52,71.06,-1591.58,873.42,739.06,394.98,-956.52,-143.06,
65784,62,7,-958,99,-387.98,-1.48,242.06,-1591.58,873.42,739.06,394.98,-956.52,-143.06,
65881,62,286,-877,-181,-108.98,79.52,-37.94,-1591.58,873.42,739.06,394.98,-956.52,-143.06,
65980,62,422,-838,-376,27.02,118.52,-232.94,-1591.58,873.42,739.06,394.98,-956.52,-143.06,
66079,62,416,-1350,-245,21.02,-393.48,-101.94,-1591.58,873.42,739.06,394.98,-956.52,-143.06,
66182,62,258,-821,199,-136.98,135.52,342.06,-1591.58,873.42,739.06,394.98,-956.52,-143.06,
66282,62,264,-1052,-257,-130.98,-95.48,-113.94,-1591.58,873.42,739.06,394.98,-956.52,-143.06,
66384,62,307,-840,-55,-87.98,116.52,88.06,-1591.58,873.42,739.06,394.98,-956.52,-143.06,
66483,63,313,-1018,-9,-81.98,-61.48,134.06,-1676.16,871.64,734.22,394.98,-956.52,-143.06,
66581,63,273,-779,48,-121.98,177.52,191.06,-1676.16,871.64,734.22,394.98,-956.52,-143.06,
66679,63,322,-1042,-112,-72.98,-85.48,31.06,-1676.16,871.64,734.22,394.98,-956.52,-143.06,
66780,63,418,-914,53,23.02,42.52,196.06,-1676.16,871.64,734.22,394.98,-956.52,-143.06,
66875,63,428,-939,-184,33.02,17.52,-40.94,-1676.16,871.64,734.22,394.98,-956.52,-143.06,
66973,63,392,-1004,-172,-2.98,-47.48,-28.94,-1676.16,871.64,734.22,394.98,-956.52,-143.06,
67073,63,294,-1201,-87,-100.98,-244.48,56.06,-1676.16,871.64,734.22,394.98,-956.52,-143.06,
67174,63,252,-553,147,-142.98,403.52,290.06,-1676.16,871.64,734.22,394.98,-956.52,-143.06,
67273,63,273,-1013,-392,-121.98,-56.48,-248.94,-1676.16,871.64,734.22,394.98,-956.52,-143.06,
67377,63,268,-863,-1,-126.98,93.52,142.06,-1676.16,871.64,734.22,394.98,-956.52,-143.06,
67474,64,457,-1096,-204,62.02,-139.48,-60.94,-1747.84,895.56,806.38,394.98,-956.52,-143.06,
67575,64,314,-910,25,-80.98,46.52,168.06,-1747.84,895.56,806.38,394.98,-956.52,-143.06,
67672,64,340,-933,-97,-54.98,23.52,46.06,-1747.84,895.56,806.38,394.98,-956.52,-143.06,
67768,64,429,-955,-246,34.02,1.52,-102.94,-1747.84,895.56,806.38,394.98,-956.52,-143.06,
67866,64,433,-845,-140,38.02,111.52,3.06,-1747.84,895.56,806.38,394.98,-956.52,-143.06,
67962,64,153,-603,22,-241.98,353.52,165.06,-1747.84,895.56,806.38,394.98,-956.52,-143.06,
68061,64,481,-827,155,86.02,129.52,298.06,-1747.84,895.56,806.38,394.98,-956.52,-143.06,
68159,64,59,-863,173,-335.98,93.52,316.06,-1747.84,895.56,806.38,394.98,-956.52,-143.06,
68256,64,412,-1033,-326,17.02,-76.48,-182.94,-1747.84,895.56,806.38,394.98,-956.52,-143.06,
68358,64,322,-992,-107,-72.98,-35.48,36.06,-1747.84,895.56,806.38,394.98,-956.52,-143.06,
68456,65,148,-933,137,-246.98,23.52,280.06,-1802.82,946.38,874.94,394.98,-956.52,-143.06,
68554,65,165,-716,-103,-229.98,240.52,40.06,-1802.82,946.38,874.94,394.98,-956.52,-143.06,
68655,65,472,-1010,-172,77.02,-53.48,-28.94,-1802.82,946.38,874.94,394.98,-956.52,-143.06,
68754,65,309,-1080,-344,-85.98,-123.48,-200.94,-1802.82,946.38,874.94,394.98,-956.52,-143.06,
68857,65,384,-948,-60,-10.98,8.52,83.06,-1802.82,946.38,874.94,394.98,-956.52,-143.06,
68953,65,383,-1072,-259,-11.98,-115.48,-115.94,-1802.82,946.38,874.94,394.98,-956.52,-143.06,
69056,65,185,-1135,-19,-209.98,-178.48,124.06,-1802.82,946.38,874.94,394.98,-956.52,-143.06,
69157,65,318,-812,45,-76.98,144.52,188.06,-1802.82,946.38,874.94,394.98,-956.52,-143.06,
69256,65,251,-902,-91,-143.98,54.52,52.06,-1802.82,946.38,874.94,394.98,-956.52,-143.06,
69353,65,400,-833,-192,5.02,123.52,-48.94,-1802.82,946.38,874.94,394.98,-956.52,-143.06,
69451,66,349,-1105,-326,-45.98,-148.48,-182.94,-1896.3,958.8,912.2,394.98,-956.52,-143.06,
69554,66,272,-875,-206,-122.98,81.52,-62.94,-1896.3,958.8,912.2,394.98,-956.52,-143.06,
69654,66,245,-832,238,-149.98,124.52,381.06,-1896.3,958.8,912.2,394.98,-956.52,-143.06,
69753,66,291,-1131,-310,-103.98,-174.48,-166.94,-1896.3,958.8,912.2,394.98,-956.52,-143.06,
69858,66,614,-1115,-56,219.02,-158.48,87.06,-1896.3,958.8,912.2,394.98,-956.52,-143.06,
69957,66,409,-1083,-323,14.02,-126.48,-179.94,-1896.3,958.8,912.2,394.98,-956.52,-143.06,
70060,66,224,-867,5,-170.98,89.52,148.06,-1896.3,958.8,912.2,394.98,-956.52,-143.06,
70156,66,250,-714,148,-144.98,242.52,291.06,-1896.3,958.8,912.2,394.98,-956.52,-143.06,
70256,66,491,-904,-90,96.02,52.52,53.06,-1896.3,958.8,912.2,394.98,-956.52,-143.06,
70351,66,306,-965,-239,-88.98,-8.48,-95.94,-1896.3,958.8,912.2,394.98,-956.52,-143.06,
70451,67,429,-1188,-230,34.02,-231.48,-86.94,-1946.18,956.22,939.36,394.98,-956.52,-143.06,
70551,67,332,-846,-416,-62.98,110.52,-272.94,-1946.18,956.22,939.36,394.98,-956.52,-143.06,
70652,67,409,-936,-250,14.02,20.52,-106.94,-1946.18,956.22,939.36,394.98,-956.52,-143.06,
70751,67,171,-835,-196,-223.98,121.52,-52.94,-1946.18,956.22,939.36,394.98,-956.52,-143.06,
70851,67,265,-1023,-192,-129.98,-66.48,-48.94,-1946.18,956.22,939.36,394.98,-956.52,-143.06,
70953,67,224,-656,-188,-170.98,300.52,-44.94,-1946.18,956.22,939.36,394.98,-956.52,-143.06,
71055,67,422,-1068,-479,27.02,-111.48,-335.94,-1946.18,956.22,939.36,394.98,-956.52,-143.06,
71156,67,342,-894,76,-52.98,62.52,219.06,-1946.18,956.22,939.36,394.98,-956.52,-143.06,
71254,67,291,-858,-2,-103.98,98.52,141.06,-1946.18,956.22,939.36,394.98,-956.52,-143.06,
71351,67,516,-1006,194,121.02,-49.48,337.06,-1946.18,956.22,939.36,394.98,-956.52,-143.06,
71451,68,439,-1078,-327,44.02,-121.48,-183.94,-2001.06,981.74,914.12,394.98,-956.52,-143.06,
71553,68,400,-1062,-515,5.02,-105.48,-371.94,-2001.06,981.74,914.12,394.98,-956.52,-143.06,
71654,68,88,-637,-27,-306.98,319.52,116.06,-2001.06,981.74,914.12,394.98,-956.52,-143.06,
71752,68,431,-1096,-399,36.02,-139.48,-255.94,-2001.06,981.74,914.12,394.98,-956.52,-143.06,
71855,68,393,-940,-143,-1.98,16.52,0.06,-2001.06,981.74,914.12,394.98,-956.52,-143.06,
71950,68,427,-1065,-44,32.02,-108.48,99.06,-2001.06,981.74,914.12,394.98,-956.52,-143.06,
72048,68,437,-1156,-522,42.02,-199.48,-378.94,-2001.06,981.74,914.12,394.98,-956.52,-143.06,
72151,68,400,-1086,-11,5.02,-129.48,132.06,-2001.06,981.74,914.12,394.98,-956.52,-143.06,
72249,68,387,-1089,-132,-7.98,-132.48,11.06,-2001.06,981.74,914.12,394.98,-956.52,-143.06,
72349,68,350,-1045,-380,-44.98,-88.48,-236.94,-2001.06,981.74,914.12,394.98,-956.52,-143.06,
72452,69,460,-1134,-164,65.02,-177.48,-20.94,-2020.84,912.86,807.18,394.98,-956.52,-143.06,
72552,69,454,-1061,-246,59.02,-104.48,-102.94,-2020.84,912.86,807.18,394.98,-956.52,-143.06,
72653,69,275,-676,-60,-119.98,280.52,83.06,-2020.84,912.86,807.18,394.98,-956.52,-143.06,
72753,69,278,-638,34,-116.98,318.52,177.06,-2020.84,912.86,807.18,394.98,-956.52,-143.06,
72851,69,490,-1119,-288,95.02,-162.48,-144.94,-2020.84,912.86,807.18,394.98,-956.52,-143.06,
72953,69,325,-1063,-60,-69.98,-106.48,83.06,-2020.84,912.86,807.18,394.98,-956.52,-143.06,
73053,69,333,-943,-129,-61.98,13.52,14.06,-2020.84,912.86,807.18,394.98,-956.52,-143.06,
73151,69,263,-969,70,-131.98,-12.48,213.06,-2020.84,912.86,807.18,394.98,-956.52,-143.06,
73249,69,417,-1036,-271,22.02,-79.48,-127.94,-2020.84,912.86,807.18,394.98,-956.52,-143.06,
73351,69,352,-1135,-69,-42.98,-178.48,74.06,-2020.84,912.86,807.18,394.98,-956.52,-143.06,
73451,70,489,-982,104,94.02,-25.48,247.06,-2051.12,891.98,831.94,394.98,-956.52,-143.06,
73548,70,271,-780,48,-123.98,176.52,191.06,-2051.12,891.98,831.94,394.98,-956.52,-143.06,
73647,70,252,-783,-193,-142.98,173.52,-49.94,-2051.12,891.98,831.94,394.98,-956.52,-143.06,
73747,70,297,-956,-395,-97.98,0.52,-251.94,-2051.12,891.98,831.94,394.98,-956.52,-143.06,
73846,70,465,-1354,-38,70.02,-397.48,105.06,-2051.12,891.98,831.94,394.98,-956.52,-143.06,
73946,70,327,-775,105,-67.98,181.52,248.06,-2051.12,891.98,831.94,394.98,-956.52,-143.06,
74045,70,391,-868,-134,-3.98,88.52,9.06,-2051.12,891.98,831.94,394.98,-956.52,-143.06,
74140,70,356,-840,80,-38.98,116.52,223.06,-2051.12,891.98,831.94,394.98,-956.52,-143.06,
74237,70,58,-631,71,-336.98,325.52,214.06,-2051.12,891.98,831.94,394.98,-956.52,-143.06,
74336,70,58,-728,-37,-336.98,228.52,106.06,-2051.12,891.98,831.94,394.98,-956.52,-143.06,
74435,71,374,-1009,-229,-20.98,-52.48,-85.94,-2149.7,978.8,936.1,394.98,-956.52,-143.06,
74535,71,303,-1116,-369,-91.98,-159.48,-225.94,-2149.7,978.8,936.1,394.98,-956.52,-143.06,
74638,71,490,-1078,-346,95.02,-121.48,-202.94,-2149.7,978.8,936.1,394.98,-956.52,-143.06,
74740,71,607,-1136,-285,212.02,-179.48,-141.94,-2149.7,978.8,936.1,394.98,-956.52,-143.06,
74844,71,480,-1138,-166,85.02,-181.48,-22.94,-2149.7,978.8,936.1,394.98,-956.52,-143.06,
74944,71,462,-986,-50,67.02,-29.48,93.06,-2149.7,978.8,936.1,394.98,-956.52,-143.06,
75040,71,565,-1204,-547,170.02,-247.48,-403.94,-2149.7,978.8,936.1,394.98,-956.52,-143.06,
75144,71,309,-901,-222,-85.98,55.52,-78.94,-2149.7,978.8,936.1,394.98,-956.52,-143.06,
75243,71,385,-1012,-291,-9.98,-55.48,-147.94,-2149.7,978.8,936.1,394.98,-956.52,-143.06,
75343,71,365,-956,-55,-29.98,0.52,88.06,-2149.7,978.8,936.1,394.98,-956.52,-143.06,
75440,72,385,-1078,-367,-9.98,-121.48,-223.94,-2110.68,881.72,823.16,394.98,-956.52,-143.06,
75541,72,454,-1013,-274,59.02,-56.48,-130.94,-2110.68,881.72,823.16,394.98,-956.52,-143.06,
75641,72,612,-1331,-246,217.02,-374.48,-102.94,-2110.68,881.72,823.16,394.98,-956.52,-143.06,
75745,72,328,-838,-154,-66.98,118.52,-10.94,-2110.68,881.72,823.16,394.98,-956.52,-143.06,
75845,72,368,-1235,-133,-26.98,-278.48,10.06,-2110.68,881.72,823.16,394.98,-956.52,-143.06,
75945,72,396,-962,-223,1.02,-5.48,-79.94,-2110.68,881.72,823.16,394.98,-956.52,-143.06,
76042,72,488,-985,-147,93.02,-28.48,-3.94,-2110.68,881.72,823.16,394.98,-956.52,-143.06,
76140,72,347,-903,-422,-47.98,53.52,-278.94,-2110.68,881.72,823.16,394.98,-956.52,-143.06,
76239,72,323,-977,-350,-71.98,-20.48,-206.94,-2110.68,881.72,823.16,394.98,-956.52,-143.06,
76341,72,452,-1019,-242,57.02,-62.48,-98.94,-2110.68,881.72,823.16,394.98,-956.52,-143.06,
76441,73,378,-803,64,-16.98,153.52,207.06,-2090.36,804.14,710.42,394.98,-956.52,-143.06,
76538,73,367,-1063,-293,-27.98,-106.48,-149.94,-2090.36,804.14,710.42,394.98,-956.52,-143.06,
76641,73,300,-854,-9,-94.98,102.52,134.06,-2090.36,804.14,710.42,394.98,-956.52,-143.06,
76739,73,403,-1014,82,8.02,-57.48,225.06,-2090.36,804.14,710.42,394.98,-956.52,-143.06,
76835,73,424,-955,-98,29.02,1.52,45.06,-2090.36,804.14,710.42,394.98,-956.52,-143.06,
76930,73,327,-847,-210,-67.98,109.52,-66.94,-2090.36,804.14,710.42,394.98,-956.52,-143.06,
77030,73,426,-946,176,31.02,10.52,319.06,-2090.36,804.14,710.42,394.98,-956.52,-143.06,
77126,73,299,-809,105,-95.98,147.52,248.06,-2090.36,804.14,710.42,394.98,-956.52,-143.06,
77224,73,447,-1075,-192,52.02,-118.48,-48.94,-2090.36,804.14,710.42,394.98,-956.52,-143.06,
77326,73,447,-1011,-58,52.02,-54.48,85.06,-2090.36,804.14,710.42,394.98,-956.52,-143.06,
77424,74,269,-825,49,-125.98,131.52,192.06,-2103.54,822.96,810.18,394.98,-956.52,-143.06,
77522,74,362,-899,19,-32.98,57.52,162.06,-2103.54,822.96,810.18,394.98,-956.52,-143.06,
77619,74,354,-995,-101,-40.98,-38.48,42.06,-2103.54,822.96,810.18,394.98,-956.52,-143.06,
77717,74,363,-942,-454,-31.98,14.52,-310.94,-2103.54,822.96,810.18,394.98,-956.52,-143.06,
77817,74,392,-938,-135,-2.98,18.52,8.06,-2103.54,822.96,810.18,394.98,-956.52,-143.06,
77913,74,311,-772,-82,-83.98,184.52,61.06,-2103.54,822.96,810.18,394.98,-956.52,-143.06,
78011,74,152,-477,-235,-242.98,479.52,-91.94,-2103.54,822.96,810.18,394.98,-956.52,-143.06,
78111,74,535,-1216,-579,140.02,-259.48,-435.94,-2103.54,822.96,810.18,394.98,-956.52,-143.06,
78215,74,321,-756,-149,-73.98,200.52,-5.94,-2103.54,822.96,810.18,394.98,-956.52,-143.06,
78313,74,396,-1060,-423,1.02,-103.48,-279.94,-2103.54,822.96,810.18,394.98,-956.52,-143.06,
78414,75,485,-897,-252,90.02,59.52,-108.94,-2153.02,891.48,744.24,394.98,-956.52,-143.06,
78513,75,390,-1098,-338,-4.98,-141.48,-194.94,-2153.02,891.48,744.24,394.98,-956.52,-143.06,
78615,75,390,-961,-217,-4.98,-4.48,-73.94,-2153.02,891.48,744.24,394.98,-956.52,-143.06,
78712,75,395,-958,-300,0.02,-1.48,-156.94,-2153.02,891.48,744.24,394.98,-956.52,-143.06,
78810,75,406,-1020,-245,11.02,-63.48,-101.94,-2153.02,891.48,744.24,394.98,-956.52,-143.06,
78911,75,314,-1183,-176,-80.98,-226.48,-32.94,-2153.02,891.48,744.24,394.98,-956.52,-143.06,
79013,75,425,-1008,-211,30.02,-51.48,-67.94,-2153.02,891.48,744.24,394.98,-956.52,-143.06,
79113,75,431,-1092,-408,36.02,-135.48,-264.94,-2153.02,891.48,744.24,394.98,-956.52,-143.06,
79215,75,363,-909,-295,-31.98,47.52,-151.94,-2153.02,891.48,744.24,394.98,-956.52,-143.06,
79314,75,360,-996,-475,-34.98,-39.48,-331.94,-2153.02,891.48,744.24,394.98,-956.52,-143.06,
79416,76,396,-960,-96,1.02,-3.48,47.06,-2152.1,835.8,595.6,394.98,-956.52,-143.06,
79510,76,356,-944,-200,-38.98,12.52,-56.94,-2152.1,835.8,595.6,394.98,-956.52,-143.06,
79608,76,380,-1195,-166,-14.98,-238.48,-22.94,-2152.1,835.8,595.6,394.98,-956.52,-143.06,
79711,76,264,-588,29,-130.98,368.52,172.06,-2152.1,835.8,595.6,394.98,-956.52,-143.06,
79809,76,250,-963,20,-144.98,-6.48,163.06,-2152.1,835.8,595.6,394.98,-956.52,-143.06,
79907,76,265,-869,128,-129.98,87.52,271.06,-2152.1,835.8,595.6,394.98,-956.52,-143.06,
80006,76,393,-1210,-184,-1.98,-253.48,-40.94,-2152.1,835.8,595.6,394.98,-956.52,-143.06,
80107,76,414,-944,146,19.02,12.52,289.06,-2152.1,835.8,595.6,394.98,-956.52,-143.06,
80203,76,452,-1097,-272,57.02,-140.48,-128.94,-2152.1,835.8,595.6,394.98,-956.52,-143.06,
80306,76,432,-775,-51,37.02,181.52,92.06,-2152.1,835.8,595.6,394.98,-956.52,-143.06,
80402,77,485,-1015,-179,90.02,-58.48,-35.94,-2186.88,837.82,674.06,394.98,-956.52,-143.06,
80501,77,434,-1092,-343,39.02,-135.48,-199.94,-2186.88,837.82,674.06,394.98,-956.52,-143.06,
80604,77,445,-1139,79,50.02,-182.48,222.06,-2186.88,837.82,674.06,394.98,-956.52,-143.06,
80702,77,458,-871,218,63.02,85.52,361.06,-2186.88,837.82,674.06,394.98,-956.52,-143.06,
80799,77,300,-823,-47,-94.98,133.52,96.06,-2186.88,837.82,674.06,394.98,-956.52,-143.06,
80897,77,277,-773,168,-117.98,183.52,311.06,-2186.88,837.82,674.06,394.98,-956.52,-143.06,
80996,77,273,-802,-177,-121.98,154.52,-33.94,-2186.88,837.82,674.06,394.98,-956.52,-143.06,
81097,77,360,-845,-17,-34.98,111.52,126.06,-2186.88,837.82,674.06,394.98,-956.52,-143.06,
81196,77,388,-876,15,-6.98,80.52,158.06,-2186.88,837.82,674.06,394.98,-956.52,-143.06,
81292,77,397,-1113,43,2.02,-156.48,186.06,-2186.88,837.82,674.06,394.98,-956.52,-143.06,
81389,78,360,-686,-70,-34.98,270.52,73.06,-2200.16,859.44,793.12,394.98,-956.52,-143.06,
81486,78,488,-1180,-202,93.02,-223.48,-58.94,-2200.16,859.44,793.12,394.98,-956.52,-143.06,
81588,78,286,-852,71,-108.98,104.52,214.06,-2200.16,859.44,793.12,394.98,-956.52,-143.06,
81686,78,309,-1230,-211,-85.98,-273.48,-67.94,-2200.16,859.44,793.12,394.98,-956.52,-143.06,
81788,78,314,-1060,-358,-80.98,-103.48,-214.94,-2200.16,859.44,793.12,394.98,-956.52,-143.06,
81892,78,301,-948,70,-93.98,8.52,213.06,-2200.16,859.44,793.12,394.98,-956.52,-143.06,
81987,78,358,-543,211,-36.98,413.52,354.06,-2200.16,859.44,793.12,394.98,-956.52,-143.06,
82085,78,412,-1009,-160,17.02,-52.48,-16.94,-2200.16,859.44,793.12,394.98,-956.52,-143.06,
82186,78,381,-1030,-15,-13.98,-73.48,128.06,-2200.16,859.44,793.12,394.98,-956.52,-143.06,
82285,78,361,-1065,-122,-33.98,-108.48,21.06,-2200.16,859.44,793.12,394.98,-956.52,-143.06,
82386,79,351,-1087,-78,-43.98,-130.48,65.06,-2238.14,855.66,857.58,394.98,-956.52,-143.06,
82486,79,514,-1022,-55,119.02,-65.48,88.06,-2238.14,855.66,857.58,394.98,-956.52,-143.06,
82585,79,432,-946,-149,37.02,10.52,-5.94,-2238.14,855.66,857.58,394.98,-956.52,-143.06,
82681,79,546,-1128,-167,151.02,-171.48,-23.94,-2238.14,855.66,857.58,394.98,-956.52,-143.06,
82784,79,272,-587,272,-122.98,369.52,415.06,-2238.14,855.66,857.58,394.98,-956.52,-143.06,
82883,79,457,-1041,-145,62.02,-84.48,-1.94,-2238.14,855.66,857.58,394.98,-956.52,-143.06,
82981,79,475,-1073,-259,80.02,-116.48,-115.94,-2238.14,855.66,857.58,394.98,-956.52,-143.06,
83084,79,407,-623,506,12.02,333.52,649.06,-2238.14,855.66,857.58,394.98,-956.52,-143.06,
83181,79,47,-608,-17,-347.98,348.52,126.06,-2238.14,855.66,857.58,394.98,-956.52,-143.06,
83280,79,456,-887,-146,61.02,69.52,-2.94,-2238.14,855.66,857.58,394.98,-956.52,-143.06,
83378,80,415,-690,1,20.02,266.52,144.06,-2237.42,911.98,976.84,394.98,-956.52,-143.06,
83472,80,449,-1015,12,54.02,-58.48,155.06,-2237.42,911.98,976.84,394.98,-956.52,-143.06,
83570,80,216,-661,1,-178.98,295.52,144.06,-2237.42,911.98,976.84,394.98,-956.52,-143.06,
83667,80,328,-949,16,-66.98,7.52,159.06,-2237.42,911.98,976.84,394.98,-956.52,-143.06,
83763,80,452,-1121,-157,57.02,-164.48,-13.94,-2237.42,911.98,976.84,394.98,-956.52,-143.06,
83864,80,361,-891,107,-33.98,65.52,250.06,-2237.42,911.98,976.84,394.98,-956.52,-143.06,
83961,80,337,-723,-54,-57.98,233.52,89.06,-2237.42,911.98,976.84,394.98,-956.52,-143.06,
84060,80,280,-647,231,-114.98,309.52,374.06,-2237.42,911.98,976.84,394.98,-956.52,-143.06,
84159,80,464,-1024,-110,69.02,-67.48,33.06,-2237.42,911.98,976.84,394.98,-956.52,-143.06,
84258,80,637,-1084,37,242.02,-127.48,180.06,-2237.42,911.98,976.84,394.98,-956.52,-143.06,
84358,81,377,-980,-25,-17.98,-23.48,118.06,-2238.5,988,1128.3,394.98,-956.52,-143.06,
84458,81,156,-746,3,-238.98,210.52,146.06,-2238.5,988,1128.3,394.98,-956.52,-143.06,
84556,81,350,-1062,-446,-44.98,-105.48,-302.94,-2238.5,988,1128.3,394.98,-956.52,-143.06,
84661,81,328,-713,114,-66.98,243.52,257.06,-2238.5,988,1128.3,394.98,-956.52,-143.06,
84760,81,469,-1063,-499,74.02,-106.48,-355.94,-2238.5,988,1128.3,394.98,-956.52,-143.06,
84864,81,250,-647,228,-144.98,309.52,371.06,-2238.5,988,1128.3,394.98,-956.52,-143.06,
84964,81,227,-906,-195,-167.98,50.52,-51.94,-2238.5,988,1128.3,394.98,-956.52,-143.06,
85065,81,315,-1014,-78,-79.98,-57.48,65.06,-2238.5,988,1128.3,394.98,-956.52,-143.06,
85165,81,235,-869,18,-159.98,87.52,161.06,-2238.5,988,1128.3,394.98,-956.52,-143.06,
85264,81,380,-1010,-353,-14.98,-53.48,-209.94,-2238.5,988,1128.3,394.98,-956.52,-143.06,
85367,82,355,-848,-195,-39.98,108.52,-51.94,-2324.78,1043.52,1148.06,394.98,-956.52,-143.06,
85469,82,484,-1142,-80,89.02,-185.48,63.06,-2324.78,1043.52,1148.06,394.98,-956.52,-143.06,
85570,82,409,-1027,-253,14.02,-70.48,-109.94,-2324.78,1043.52,1148.06,394.98,-956.52,-143.06,
85672,82,492,-992,20,97.02,-35.48,163.06,-2324.78,1043.52,1148.06,394.98,-956.52,-143.06,
85772,82,307,-1055,-170,-87.98,-98.48,-26.94,-2324.78,1043.52,1148.06,394.98,-956.52,-143.06,
85874,82,459,-918,149,64.02,38.52,292.06,-2324.78,1043.52,1148.06,394.98,-956.52,-143.06,
85974,82,412,-957,94,17.02,-0.48,237.06,-2324.78,1043.52,1148.06,394.98,-956.52,-143.06,
86071,82,449,-1017,-254,54.02,-60.48,-110.94,-2324.78,1043.52,1148.06,394.98,-956.52,-143.06,
86174,82,266,-710,43,-128.98,246.52,186.06,-2324.78,1043.52,1148.06,394.98,-956.52,-143.06,
86275,82,487,-1033,-451,92.02,-76.48,-307.94,-2324.78,1043.52,1148.06,394.98,-956.52,-143.06,
86378,83,352,-1059,-467,-42.98,-102.48,-323.94,-2307.76,1030.14,1181.42,394.98,-956.52,-143.06,
86483,83,301,-664,-53,-93.98,292.52,90.06,-2307.76,1030.14,1181.42,394.98,-956.52,-143.06,
86583,83,342,-883,225,-52.98,73.52,368.06,-2307.76,1030.14,1181.42,394.98,-956.52,-143.06,
86683,83,707,-1299,-235,312.02,-342.48,-91.94,-2307.76,1030.14,1181.42,394.98,-956.52,-143.06,
86787,83,409,-850,-94,14.02,106.52,49.06,-2307.76,1030.14,1181.42,394.98,-956.52,-143.06,
86886,83,340,-852,-202,-54.98,104.52,-58.94,-2307.76,1030.14,1181.42,394.98,-956.52,-143.06,
86987,83,485,-1068,-34,90.02,-111.48,109.06,-2307.76,1030.14,1181.42,394.98,-956.52,-143.06,
87090,83,368,-1217,-298,-26.98,-260.48,-154.94,-2307.76,1030.14,1181.42,394.98,-956.52,-143.06,
87195,83,336,-1070,7,-58.98,-113.48,150.06,-2307.76,1030.14,1181.42,394.98,-956.52,-143.06,
87296,83,448,-1025,-276,53.02,-68.48,-132.94,-2307.76,1030.14,1181.42,394.98,-956.52,-143.06,
87399,84,626,-1231,-25,231.02,-274.48,118.06,-2293.94,987.96,1181.78,394.98,-956.52,-143.06,
87501,84,332,-948,-14,-62.98,8.52,129.06,-2293.94,987.96,1181.78,394.98,-956.52,-143.06,
87599,84,269,-683,-180,-125.98,273.52,-36.94,-2293.94,987.96,1181.78,394.98,-956.52,-143.06,
87701,84,343,-914,-278,-51.98,42.52,-134.94,-2293.94,987.96,1181.78,394.98,-956.52,-143.06,
87801,84,371,-1182,-192,-23.98,-225.48,-48.94,-2293.94,987.96,1181.78,394.98,-956.52,-143.06,
87905,84,408,-970,-123,13.02,-13.48,20.06,-2293.94,987.96,1181.78,394.98,-956.52,-143.06,
88003,84,427,-1221,-350,32.02,-264.48,-206.94,-2293.94,987.96,1181.78,394.98,-956.52,-143.06,
88107,84,340,-877,-58,-54.98,79.52,85.06,-2293.94,987.96,1181.78,394.98,-956.52,-143.06,
88204,84,258,-806,52,-136.98,150.52,195.06,-2293.94,987.96,1181.78,394.98,-956.52,-143.06,
88304,84,446,-1124,-207,51.02,-167.48,-63.94,-2293.94,987.96,1181.78,394.98,-956.52,-143.06,
88407,85,374,-1071,-378,-20.98,-114.48,-234.94,-2306.92,948.88,1187.34,394.98,-956.52,-143.06,
88510,85,463,-1025,-19,68.02,-68.48,124.06,-2306.92,948.88,1187.34,394.98,-956.52,-143.06,
88609,85,197,-850,-81,-197.98,106.52,62.06,-2306.92,948.88,1187.34,394.98,-956.52,-143.06,
88710,85,298,-928,-127,-96.98,28.52,16.06,-2306.92,948.88,1187.34,394.98,-956.52,-143.06,
88808,85,410,-1057,-272,15.02,-100.48,-128.94,-2306.92,948.88,1187.34,394.98,-956.52,-143.06,
88911,85,420,-851,-49,25.02,105.52,94.06,-2306.92,948.88,1187.34,394.98,-956.52,-143.06,
89009,85,371,-663,-280,-23.98,293.52,-136.94,-2306.92,948.88,1187.34,394.98,-956.52,-143.06,
89111,85,519,-1230,-287,124.02,-273.48,-143.94,-2306.92,948.88,1187.34,394.98,-956.52,-143.06,
89216,85,406,-1081,-355,11.02,-124.48,-211.94,-2306.92,948.88,1187.34,394.98,-956.52,-143.06,
89318,85,421,-868,-11,26.02,88.52,132.06,-2306.92,948.88,1187.34,394.98,-956.52,-143.06,
89416,86,277,-979,-66,-117.98,-22.48,77.06,-2314,943,1144.5,394.98,-956.52,-143.06,
89516,86,273,-801,228,-121.98,155.52,371.06,-2314,943,1144.5,394.98,-956.52,-143.06,
89617,86,421,-869,-42,26.02,87.52,101.06,-2314,943,1144.5,394.98,-956.52,-143.06,
89714,86,378,-958,-192,-16.98,-1.48,-48.94,-2314,943,1144.5,394.98,-956.52,-143.06,
89815,86,467,-740,-36,72.02,216.52,107.06,-2314,943,1144.5,394.98,-956.52,-143.06,
89913,86,301,-876,-68,-93.98,80.52,75.06,-2314,943,1144.5,394.98,-956.52,-143.06,
90010,86,293,-1038,-458,-101.98,-81.48,-314.94,-2314,943,1144.5,394.98,-956.52,-143.06,
90115,86,327,-794,-4,-67.98,162.52,139.06,-2314,943,1144.5,394.98,-956.52,-143.06,
90214,86,274,-829,-50,-120.98,127.52,93.06,-2314,943,1144.5,394.98,-956.52,-143.06,
90313,86,355,-973,-129,-39.98,-16.48,14.06,-2314,943,1144.5,394.98,-956.52,-143.06,
90414,87,299,-871,-81,-95.98,85.52,62.06,-2372.38,1013.82,1205.86,394.98,-956.52,-143.06,
90512,87,136,-701,104,-258.98,255.52,247.06,-2372.38,1013.82,1205.86,394.98,-956.52,-143.06,
90614,87,388,-937,53,-6.98,19.52,196.06,-2372.38,1013.82,1205.86,394.98,-956.52,-143.06,
90712,87,336,-954,-17,-58.98,2.52,126.06,-2372.38,1013.82,1205.86,394.98,-956.52,-143.06,
90810,87,405,-998,-123,10.02,-41.48,20.06,-2372.38,1013.82,1205.86,394.98,-956.52,-143.06,
90910,87,297,-970,76,-97.98,-13.48,219.06,-2372.38,1013.82,1205.86,394.98,-956.52,-143.06,
91010,87,243,-588,61,-151.98,368.52,204.06,-2372.38,1013.82,1205.86,394.98,-956.52,-143.06,
91111,87,506,-994,-240,111.02,-37.48,-96.94,-2372.38,1013.82,1205.86,394.98,-956.52,-143.06,
91212,87,332,-670,-160,-62.98,286.52,-16.94,-2372.38,1013.82,1205.86,394.98,-956.52,-143.06,
91315,87,446,-1134,-213,51.02,-177.48,-69.94,-2372.38,1013.82,1205.86,394.98,-956.52,-143.06,
91418,88,360,-1180,-267,-34.98,-223.48,-123.94,-2428.56,1088.64,1294.92,394.98,-956.52,-143.06,
91523,88,226,-656,162,-168.98,300.52,305.06,-2428.56,1088.64,1294.92,394.98,-956.52,-143.06,
91625,88,618,-1146,-88,223.02,-189.48,55.06,-2428.56,1088.64,1294.92,394.98,-956.52,-143.06,
91727,88,416,-565,56,21.02,391.52,199.06,-2428.56,1088.64,1294.92,394.98,-956.52,-143.06,
91826,88,451,-1223,9,56.02,-266.48,152.06,-2428.56,1088.64,1294.92,394.98,-956.52,-143.06,
91926,88,484,-1149,-463,89.02,-192.48,-319.94,-2428.56,1088.64,1294.92,394.98,-956.52,-143.06,
92029,88,174,-769,-313,-220.98,187.52,-169.94,-2428.56,1088.64,1294.92,394.98,-956.52,-143.06,
92134,88,195,-772,-68,-199.98,184.52,75.06,-2428.56,1088.64,1294.92,394.98,-956.52,-143.06,
92235,88,466,-1030,31,71.02,-73.48,174.06,-2428.56,1088.64,1294.92,394.98,-956.52,-143.06,
92335,88,423,-929,-176,28.02,27.52,-32.94,-2428.56,1088.64,1294.92,394.98,-956.52,-143.06,
92435,89,352,-812,-216,-42.98,144.52,-72.94,-2442.24,1103.26,1326.28,394.98,-956.52,-143.06,
92536,89,455,-1014,42,60.02,-57.48,185.06,-2442.24,1103.26,1326.28,394.98,-956.52,-143.06,
92637,89,424,-907,-103,29.02,49.52,40.06,-2442.24,1103.26,1326.28,394.98,-956.52,-143.06,
92735,89,273,-712,302,-121.98,244.52,445.06,-2442.24,1103.26,1326.28,394.98,-956.52,-143.06,
92837,89,532,-1298,-394,137.02,-341.48,-250.94,-2442.24,1103.26,1326.28,394.98,-956.52,-143.06,
92942,89,360,-890,95,-34.98,66.52,238.06,-2442.24,1103.26,1326.28,394.98,-956.52,-143.06,
93041,89,498,-1087,-297,103.02,-130.48,-153.94,-2442.24,1103.26,1326.28,394.98,-956.52,-143.06,
93147,89,368,-1004,-396,-26.98,-47.48,-252.94,-2442.24,1103.26,1326.28,394.98,-956.52,-143.06,
93250,89,376,-928,-29,-18.98,28.52,114.06,-2442.24,1103.26,1326.28,394.98,-956.52,-143.06,